{"file_hashes":[{"block_hashes":["/wkGaiA86zoLBoufM2p0SmGq8pCgyhAeKRPEjvhMYo0=","Em/GHDVLTKLNhQFqeL2e0noThOl75U4xCwNQ71010W4=","zvY2cU9NXwcQXdmIJYFGUFUhDOZ5O3TI3Vucyn6NLIA="],"block_size":4096,"path":"_locales/iw/messages.json"},{"block_hashes":["cl4v3DCVb9Z3wBHLRNxh3hPGdqE7F8QzHDfJVIoCcn4="],"block_size":4096,"path":"background.html"},{"block_hashes":["pxZArY3akusrTPW7sUh3RqAQlDaTLHjck1rNFFF0fqk=","rjbjpRlbEgX0IvBtQfFwNAnwtomGFvLfs402e/181l8=","zhYhCHT+SPMPkbfJHHKv18OZRZ2iLLiIU4tWAO4x0RM=","jthWiTi3/LXOIRqt68KxRDoflOJ6ilc5eU7TwcYvJOM=","vA8GXizG3lim7UJetBjbYr5vaZCpNhfU5wkT/X1PiPk=","HzlQD6FVGKkC4FKIxKA01gbs4brEpWA3d0g5sOAbiW0=","3CUEKbyQBE47Rftizsl4TsQ5ZB0P1K0btNbJVx0naaU=","qaK2DnPnYUin9wdCAazRYNxjToRcWtcz5J0yqL+AVu4=","O6IExJYgga+GpyTF7Qrf9zXROOFZry7TIsqvkDRLUZI=","HKkYktXjGheYAaqPSi7n9/rsPqqSSAMA6X9FPFyZRFo=","rZ1uM30EILPuOnmA9TjL4A46048Dai9m3DD7mZi4bf8=","RWSe1tKI3cKGnp2QuZ0wY7fOmETJdc0T1+cXwODq/Js=","GsqC8TUmI9GDZbLwgrOtzMBKR607EG57Mr/ChdpdeVA=","ZA3O8UgT9cZxuzg9wyamO7dFYaYCddRI8afjOZcrvgY=","JC9YmG6LhkRhMOWuMY3N4kiHjUhVMe7SOW2UB6AHOWU=","ISGOYpRVeMjPvbqXuBxlXPAGDHz4Kn0hDGt9B3gH/Z4=","J6utmFMGDSb16ugoL2XBSOlcn1CQWgQ1qaYMkMOxbqA=","4tTF9Kr0uPQQU+C+cMUcnruQ7MXL1KhdNhUfW7obUYo="],"block_size":4096,"path":"chext_backgroundpage.js"},{"block_hashes":["h+LU4wAOgodOMf3XszqzDLT7FQgczUcHoGYKNJYrAyk=","5Z5nN9Ac45dWRonyChmilztQK2WZ3gJ8cEuhP/xAUiY="],"block_size":4096,"path":"chext_common.css"},{"block_hashes":["XGHG1lQEHzEVEDgTSAmJNP9MLoAM4wG7SxuIxH7bRxg=","JtTT0S1JU/U8InyCcfjd6JaXis7Tdbn5DbuvtyLnVnk=","OKpmCfnwX89qSkQ3ylGmPCE/FN7o+EdOFyc5KPxdry4=","pxrgcerv6jCc5g3qlbdbkm6BoUllP9MP3DgEqz5CGRg=","6pllqj3Z6oDjRjKd5puQfdPgyDMygXGvkPeSlcj/KW4=","lQ3bHsVz/33rkHf2/ZvyEk4BrQCwKiJGWjOiCoAG5m4=","1TRID9Gty91k7jZqktrpgOOnBziJTckIT3MmLn5SbR8=","hGeC42JWT3GP01NwEMbgUhS32FOH2lNIyBtBNF7HuZA=","0NEmNA1Wpa/vW/0Q+jXWbAWBaG6CLVa/6MJRDTwzIOA=","K2fo7bAtT4Nv7tMBklv4VvFsFzP5SsWemb0hY/slbJo=","sNc2exliQ/DQgEdiXLAea7KXDL3SABF5si5jlUi0bJo=","vdZZ4B7aKuIwGACzkcF7oR7LGYTC+YLXHSdrTvYtTGY=","ivrtk5J8aujkGRiAfbWl+Wzaa5g3a/izmLyAs8XxeMQ=","Np0rwQ5iqDlj1mslyoolZduBGpJWf1yrN1q/+twJU3w=","FjpK2a7qqpUZEh8DTYh92tjYX+VpBaw8Ck4wBK/0OcY=","tNtDK7zozBSFG7KlEEgfMEf6OR4PCiAXl1LzLtuoziE=","6cAtANxTVZQ5sII/xRmz2PD2UiBT9Gg5U7ojVc4pxBo=","XEXVdt5r2cL9cfkT2fQT5p+DzOMvmnhQpAeMSrpLBic=","QYknaUqICGiBXsHBmgGV2Ygik5G3q4axMyA672p+Je8=","u4H6PlKiVaAjpt2vHcsr8tUeMlxMZSmlySGs3XL0xIg=","i/h6K03MVQn/bw9SQtBtNr4xiHHjIc3rhNztkioSqNI=","L5Qe3rvkf44AkhbU41BjafEAsf4qqGB80/s8t5qpNmU=","M/rXglRrsEgtNIe0K8KTcdXEW43MRofClwbkAtlo9bQ=","HytdDiHBEUVG6m89D2XPqOUWcUsGTBMt+XVlMcA7+YU=","X6UKGaV8ozbY0gfR0Ztdw3GDrj5yDyhtFbVCPNW4P0I=","nT2QANfa8uMNZ4UHRdw0nUWeCMmDOpK4umVPyeHJeFA=","kslqXbCVPquA+iwtEzWQM9tHt7FfrWEkgMh3F+qUWJI=","3v+9iaq3cRC5ZP+ywqUQOma/mrEoLN++6Ceh/sezRl8=","EHX1nTJ30sPLoYAw08++qZ17ajuFe893d1Y1GKaxV2Y=","V8gtPPl0oBGE77I1jSBy/AjFXZ3mEMUE54VxUWl6Hyc=","qjXC2eKIOwYzTO9y/8VUjfBkpWnENkAoAF86yfQQz1w=","1J0qvBU3QWlbuosZWyxgeey56RqUphktpfLDbLDXw00=","Kh07vfUG1TP84XT8HVlFzB3DLOjKZK7B7JYiy0i7M0Y=","PxOMIfgfkW/c6ehW6IvMbry+KhMP6crAKCI91VqAWzE=","g6ARycgZt9vKwlM3Zf1aUeDc34c4PyUWtZsrSaGbwuQ=","3WxRrzdpnQgPygwu1wPM842s4p9TmwZIcuBZdgp3sGc=","9BvDqVPJJNctnvM9lAFXId1ZYmr5qtijNv02pn9v0dc=","ZNhDZYgapFiE5lu3wd5QPtv+NsZ+xh0z5WF9GmeugP8=","oNaZ8qNk0utG5bZ16xosLKnaHg4D/zggecjQeFyTSCE=","tZl0gRDk5aWSXMFs5kpytddKC3zWCLf8KcuVs07Yojc=","K0Jz19XnWYr5VzNY9lBWKfOnLyIoRmrZJoW8zwykCSo=","W3+hNveyZzIjycbFs+sWrh2gAI5ocQRToCSBoXDq/kg=","hy2IS3toCkeEKvPDie7TWbhxCftGrLJdAwmfep5j/I4=","FkFKRe1UhivzY4gu6FhdbwbAmA+5O4iNesELpwT4lbs=","CGi2eKahHCFHhCauVebTjWv72rIrX5z3jb0Ya8H5Rwk=","F1oYzSH0sNntASfap0VJSWQ91Mc73Ifl5J+ZBiGYM8M=","KIaUYS1dWUL3+ju+V4tgop73MSAQAsqfCvduWramdIo=","7XIKzDetFzYvGhnOGkjl9tA1mHTrvwMyWT/ME2YA7hg=","YynaGd07kdo9FLbuEzaOlH2r+X5D2wv4zTlZYGIcL3s=","3jscDBpe5f5U3Wz7ZNJssTH2qiQxyHuZctW2xlZAqmc=","RRxQC9nQjRFcaGqbiSRSuvGz9qlyHfk8VfU5BSniZwc=","4ctgylLtSv/9kxCWYOsdoirUP5RPL4TDZeAxG6iTmMM=","NzeHbvLKCbO+aMtpOsc8291ZVkE1B3pRxwiLSrp4+vU=","9vzYWjAfN165AgdQm7hxPZ2BudmbfGmO21P4/+qFtQ8=","oMXeJobHdoEZ+gq+UkjDuOFP63PkvpP+cbvYqR1RFXs=","ajvD/AAL9zMmJskxlPr9JvxEZR5T9t/HaCNvidgDdFI=","rm3jmjLz0hVzNCGQvncYKGkda82Tes9CT9k5nmGuaD8=","II4KsZ9YBnviNOTjg9PQ58fGGTJdUP3napEBqOwjlRw=","ZuVgDrGaHmPSADBZhuvdJtOMZXh3iQdpb27mJ6aabIE=","WI1vlS/nj4sUujMak2PwWvO8LlfFG+HiTwTfRzBs1jM=","NWY/AbJxZu1ltid+RQWW0Fsh7e+qEzcQNmP6S35pgNA=","Luf8ogp42WQrFNPNkzNzgZCkyq9tDaOGoPWFukA85Qs=","SSIsxhFqqsNNBKOxmuAt1M+lCQHGGATeniyMLCjLb9g=","lRYI7U/L5oexjSLFF8tWiP7Buif/iSSB33N1d0nzVqs=","jDg6loYIQMn/chuvU/KrJSfUF2GdJ4Li3206MaYylG4=","xFdWZnDfqGUbkSZ530YDbVfmrVXRvtpdy/+a8lNf+nU=","o05r1yolLGsOnE+cPMTRNX3lQUbsHIb/DZDknOVBalI=","bEJBJndb6ZWnsNrk+J97fHxrMGxiyf15M8Ha30HNt/M=","CS5g8Ro8QJmQLaEEE5ddPQxzkivTwmGTuFX+GD1qTS8=","OmxQjY2qeS0y0voh2EoUl4qaJNzm3aJ7wWzx065IamQ=","cBrBArqZb4J09CsfNG9mOH3KuKG9AkzO732qED555uY=","+MCf4xW0AY8DLTG3+sinuShDBiNUMEEmKYt1cu5tKAA=","Ir4WmcJ4LsRXc/IWEyvFir4kKdOVCM3dJkucWqgaob4=","/dqo5xcCXCXMK4NvdIPraJQ+2xYsFzVCq15lrmzYeN8=","iDSV/HR4VT+o6r2HCzghXFpmZGPDo6BvwyM8LnOBiTk=","F1OOr+DNc9aM6bCuBPMMVwwYzDZLzseNDm8rxOWMpeM="],"block_size":4096,"path":"chext_driver.js"},{"block_hashes":["Qy9QsWKLzdm3cevnmxElIB9SXt+T0nFSJ9sT/qJf6/U="],"block_size":4096,"path":"chext_inject.js"},{"block_hashes":["MKZrDSHx+V4CnWJ2UA1kQnTUHN0VOjwMiaXM8k/L9eU=","iwVjFkR1i8YUDlAO3DL6eL7RCmguVSOpG8Xlwy6nvfQ=","bq4Hunj4bJF3gwPoeX3Xj6yDZxkdK1+T1lNNsOuGp5k=","FS1xf2J+O4WffiaXDa5YQMB1X9RsHg/D5m8wi4ZMsCg=","uaaMb/s1wzrcJSkZQZwI8ydO1T89FmaoNT5TQA0iCzI="],"block_size":4096,"path":"chext_inputtoolsbin.css"},{"block_hashes":["Fwf3pwI8TwzBPbDdaXStIM93uLQlAxFeDFh1obbGsZg=","SZshPm1kfE008BoM0oX1HHPzyFdyFvKwytxDE1wm6YE=","hJVdkWEtwdRCFmsDoSL91n9YOg/6MOa49JIrxlcg274=","cdDQF/+WyCBQWTSbxn6qNyS3SWoFtUVFo/a23zpFuLM=","xvjQpLXgnypunOQajUlk0Mt0t8BpTPcTGBZal7akJ04=","o5iDhwWLJnhtzp38WeEIXFlFzgdE0wZdUXlqgOToS6M=","+Aq6O0DZJ3g6uo9iRFyrDkRbE9Gdk8z7EJL0ALmdQq0=","894Y1jLDMu761viSYy7+6NG+e1Jr59Bb8Du1AC3GZAw=","8c2+iJ6p810Jzi4e2AhD63yPeFc3dAWaARLWqH/TJWY=","xEW+JnsPcs6nbNiOhezLyCfeJjvDZYRfdKUEqwAFTJg=","rJfxR7ktTO7makgdyUEMVdT9za0wvF2zD1X4IWxnwB8=","SgeAyF1oUOQDeiYSrTK+eZ9NzcN05IxYkFgVBSLi7L4=","1UssMt7G0V3mRbZqE+q95so3sjhaPK545ROBHAASIfE=","o4h3TwDlmfupxEwAUumYkoV5MH+ErGBHydFCHgVrmpA=","3gy0bL3r2basa/bG1fqqYeTBuooXXgsLpRTkXuKxmI8=","A9N5HhcXm2scVB9gIUslrbX5kSqpVTASHr8eemSg1Xs=","G2Ic0hPL5n5lSUZr5mOaySdBSgFaH4h81hs+l/G5yIc="],"block_size":4096,"path":"chext_loader.js"},{"block_hashes":["21gGE0gH0cFT5n9AbLYjNLpQNuYlv/UFP6e9AnatkD4=","RsDC/b2KVo99ndncH4+0B2Yj/nt8xY3dkJleqIPYRs8=","+1cYwdprQFHRFykzD1bySWLQZ5BY6a4g8trH2Rq79UQ=","a4/P84VPmpZbT6+lCNGVToj9c5WxHSbqrt/+lTr4yMg=","arH2w9PaU31jZNB9git9zFME0vX7YpjBzgoDIwtqMWY=","MBZPAXKBzy3WmdldXOEWlUstt9WOIGMzadebGW2Ryp0=","O+YgbZdbOOTBI6VPUtnN2KQjJjvb9st0V/3LG2WweZA=","uRut27SZoHL5f81qa7KpVOc/CCQfKA5lMuD2dyCvrik=","GQwJp41cy+f8lt2unUq8RV9t8+XeUW/Cn4fxffCSAeI=","Evt1yuOIm2E3t8/uRZutHcwmBba+9QD9DRigtIYmEPc=","xwUa34jXnrUpKWWnUD0pXUKs/4nDZ+2pI8cCX3Swzsk=","CSJ9VRBuAOpaySDb2RKaRyA+MamT5JvPeHl389HC634=","STp/OZJ3zHS9WNjMPgV11pe9BosrYdTFrCcyGSl8OJI=","0mcda/ZyrpMCXVLXq0jQaQNNJ9JMZufQxfdF/3mYoAc=","pkDmUBMx8I1jfNbphb/erxbGX5e1t1NTQm4RuODeHyM=","lYPExlx/A22B6n0tTG4+KDWLNLDq3fjSLwMH6hcO7gk=","/aZZrI4mzPxh+wcIAr1ofxFKoCmxU+CZYs8DtvXfYlQ=","3pHLuFUite1xCHREXei1pz+stOzKj/7JDvgEqcWHkWs=","MZXoGidVgqnBonYRXCOYMBKxNX9tz12yhLXJUBBdBj0=","rzn8v/HNMTXsUp+zru35XCzvw/wy2umglznF8JhH/rs=","Z82yIo8qn7OKK6X7h7GWsUDsINi6HjbpxxF8SeqVs0s="],"block_size":4096,"path":"chext_options.js"},{"block_hashes":["2zaC4gXKoAIG1T9FRJt9QWGMFxgd0p2PwLmmb96MycE=","Aea+wFYNecP3z3EI4KYDNEnDnDDcQOGWphT4ldYF+jk=","U1Xz39T62Qbp5GoVc9eafgV4McsuAqAA0xcPRR0Ydjk=","w0hQw1AOLYrT1LG+ymNdHTCBMSnnBVdjbZoyViVg0Sk=","3rLwlsNA4OEf88+cmMNbHPMhZcduN+Gd2ZSyW1xRAB4=","iyRIMb5Ij6I54DlJaVK1+MUWgkjnzrVuLp89ugiJFJw=","47j177RO1RmU6rDgQSJfH2QjqdwHrKP/Ld54m+/Asts=","IxqUdAiRbO8wyPfvlyfYiVl8WdEeuWrz9+9zq6c3B7Y=","KlE+ZmzUbxCsauvVwEXKHygpZreSXfV6KhlsjLEZo90=","CqrzxASQlhf4b1sTL99ciytp2y0OHQPQ/gYf7jrgnM8=","NHUxYPgFZOUCcQIMWg8IRwABwsd6YMnKcWH4nrQWfjM=","qA3ImcX+EBJ4bzNKs/q9ZOdJ6TqZhC6QEZKGuLIWLBk=","dpp6oJsbuWGeC9tkV4J9xqmsksHSKigR7R0yvDh33cI=","IFssgTTyFsibeNdj3bu3tY7QHdjb+hs48en7XS+AJPQ=","9a3qVRCn/ZwEfjLSEVdk7DSwLXT8hj/z9zo5ALmIQCM="],"block_size":4096,"path":"chext_popup.js"},{"block_hashes":["RZucWXjQ5nllghAzpn617VNDLbVTCqm+0mtC3UhsJAY="],"block_size":4096,"path":"chext_scrollbar.css"},{"block_hashes":["tKVYpcq/eneoRI/UhQDnj6v8tb2LyZoBYTLd+P1q9bI="],"block_size":4096,"path":"engine.config"},{"block_hashes":["4wH8PLDi6CkjljYoHJ3vymWjUAc+kW+sTpOFcQWRuwA=","cnOzulEzaK++vwGY38NPfyWALvOehWbjz1uRmbi3SPs=","7k8MiZLK/bPEHa+WThieklSkmMzhjdeQVYVevIzjjQs=","PDiHyWmi+P2lTWvnvM5JV6a2/n8I2AR6fgN3Qr2++yI="],"block_size":4096,"path":"image/Chrome_IME_Active2X.png"},{"block_hashes":["o+vZAZEydKRrzT/cmI3BHjOggipWM1GIwey4HSOAGHc=","OvM8uRtpaFtWJLgpxl67GWmRXmOAi/tgO6sIPr4i7wc=","2w5u3XTXX6tg78p1veZ2qqOZ/iVWWKVOC+HohxpcZO4=","Sr3pFzS4JzaveZTbahY/YyRJ7SJ8CKYwsKZGOn8VStQ="],"block_size":4096,"path":"image/Chrome_IME_Inactive2X.png"},{"block_hashes":["sUQuhbA73K9m3FjHq7mHRd0mh9hjUL6aKYodk4KshJs="],"block_size":4096,"path":"image/cleardot.gif"},{"block_hashes":["xPSDA+FWlw/w1kbbol1yH3VXYgXC4SlwQPiywwfzcxk="],"block_size":4096,"path":"image/flat_input_tools_logo.png"},{"block_hashes":["8yzeBt8/n1KCx/8PF8o9mV+d16oBI68Phb1BxNF6J4k="],"block_size":4096,"path":"image/flat_property_icons.png"},{"block_hashes":["2+9eVTAAO3Iz6USFbCPRQ3kCotNWjN/Svq8hZunKkTk="],"block_size":4096,"path":"image/google_logo_41.png"},{"block_hashes":["W0yDFv3hU3vUotfulgzoa6gfmGz8wdeQBKx2af0Qo/M="],"block_size":4096,"path":"image/it-128.png"},{"block_hashes":["8fsrxkMVdHsXgTF12LRvp5RtqgvRTeAc0DCSEP+l1iI="],"block_size":4096,"path":"image/it-16.png"},{"block_hashes":["LStL1RNbIQ2KSxW4tWpeq902s/JJ/BvBsz4aokjEZcQ="],"block_size":4096,"path":"image/it-32.png"},{"block_hashes":["zIeCPd8oTUpJpT6Wn/164pP0BQJzOvQMvc282XZhLzc="],"block_size":4096,"path":"image/it-48.png"},{"block_hashes":["dyjW/0nHE0ZO168Ov622EdOWxecdYAY7qtMQWEqoY1s=","qXrDx6h/M4dXnZIRVWTMyio0Cu1i8BnNxWHwXws8how=","1GGZzoyDd3nwKNEjiktHaKm/T2r3Fh66mgkqADJ5v9s=","Mia+a8sOl0FLYwAaf3ifrVw7jhenbhmkWshNY0pQPD8="],"block_size":4096,"path":"image/ita_sprite5.png"},{"block_hashes":["uIg6b2QtOL+MO/GJNva9WH2Vqnsib0zfQWZMA0nVOP8=","+hJJPChimASMKCbzhnbE+MpV9QuDdQ2KfqX156lbYTE=","aLQOgdCelG8VN6650Nmtj5466JTOY/+beo6LSEahZ5Y=","27QPk7qWcshkBeXJMyNjgP9zbODnM365aLcs3UywLVo="],"block_size":4096,"path":"image/ita_sprite6.png"},{"block_hashes":["j3bYp9V32PyHS+bN9i7HIjjr6U1LBQBP7TLncGRu4BQ="],"block_size":4096,"path":"image/pencil.png"},{"block_hashes":["q4+/ev0o3Zr4vl99G8e+OMfMxcypQBMXPZCDGNoqZNQ="],"block_size":4096,"path":"image/search_button_normal.png"},{"block_hashes":["tBrXucfZbIOZyRK6wf8RcoVKh3RV91bT1JreZvlIc4w="],"block_size":4096,"path":"image/voice_disabled.png"},{"block_hashes":["4s2w9P85YXrOQlnu9obVxkAgF8IXOBhPxndP2ScdErU="],"block_size":4096,"path":"image/voice_enabled.png"},{"block_hashes":["uUYS1g+TxhNYpUaaX7+T/mHHYxlsKxfn0bBzZ81ODec="],"block_size":4096,"path":"image/voice_speaking.png"},{"block_hashes":["PgQsL9TyJ0hcvsN0HcD2TesEGV7hCxMTh9DmkA6jfBs="],"block_size":4096,"path":"imeconfigs/am_t_i0_und.js"},{"block_hashes":["VFSN9yqhqhDyOAPDsv1Nf9IkkLKeLvQcSqaHqFJPCG0="],"block_size":4096,"path":"imeconfigs/ar_t_i0_und.js"},{"block_hashes":["Ln7aQ+5T/mVxQGoI6XgcBfep+I7C2yZMZfY1vSesdnQ="],"block_size":4096,"path":"imeconfigs/be_t_i0_und.js"},{"block_hashes":["uUwzMRmSAwDQn9Qv7gOUzNbCvEjelXGspd4RRz7RlNg="],"block_size":4096,"path":"imeconfigs/bg_t_i0_und.js"},{"block_hashes":["dl/ZRKYAkoC+f0PbMIwMEM80vwoGqrQ5KWsfZ/wa+Tw="],"block_size":4096,"path":"imeconfigs/bn_t_i0_und.js"},{"block_hashes":["k/cbiPQuZk+iDwhQbsD+dDPOBHpTs1VxhrEbxP4GLbQ="],"block_size":4096,"path":"imeconfigs/de_t_i0_und.js"},{"block_hashes":["m8VpsAMKjVtLkfmrIHDtxpzEQfuiPg6M+tQKmf9Kxo0="],"block_size":4096,"path":"imeconfigs/el_t_i0_und.js"},{"block_hashes":["1U2ZWR9fTQs88t7TLQD2gMUY0pMV6nnhSEKW+B28GD8="],"block_size":4096,"path":"imeconfigs/en_t_i0_und.js"},{"block_hashes":["cmF1FjbTiaWBv4GUC+cIgnszdCBdQCeH3MfFbmv2Trc="],"block_size":4096,"path":"imeconfigs/es_t_i0_und.js"},{"block_hashes":["5RHwsix/LP4HwVFhMzlIXESgx0KBriVssZNrqwq9E8g="],"block_size":4096,"path":"imeconfigs/fa_t_i0_und.js"},{"block_hashes":["rStX/U3W5cTn/nSN8SRAA/+HFeuhp0HiDYKlPmCAKEA="],"block_size":4096,"path":"imeconfigs/fr_t_i0_und.js"},{"block_hashes":["qqeUyX6E7t2bBLJ4Qj9hfR5cLOUpJN7ABkQY8PyDoJo="],"block_size":4096,"path":"imeconfigs/gu_t_i0_und.js"},{"block_hashes":["VXWr+1e2r+zt/uF+vxtKWB5Gg1jU/UE7MJ7MOUOT4bk="],"block_size":4096,"path":"imeconfigs/he_t_i0_und.js"},{"block_hashes":["kfQbIvWdGzVjLQOkwjQAIuNPYIejsGPstjSlhKP7w7c="],"block_size":4096,"path":"imeconfigs/hi_t_i0_und.js"},{"block_hashes":["7a1hJn8ltj33jkkeNg2oW+1r38O+anSuTGU+izGiqHU="],"block_size":4096,"path":"imeconfigs/it_t_i0_und.js"},{"block_hashes":["WnEs9bB3ghzrzRgQHTpyV4YOfYJ1828fjTU4l5ORiXs=","jg0ICqKNI53HVQX9o2WbemvMnlPkmKJemDTm5XQ8MSU="],"block_size":4096,"path":"imeconfigs/ja_t_ja_hira_i0_und.js"},{"block_hashes":["I1vIkdEKnZu9huVNkzX/dduu/rLa8jKpa6x0OMsslHk="],"block_size":4096,"path":"imeconfigs/kn_t_i0_und.js"},{"block_hashes":["fmDsYjBPjWS9xkDj7okYwR24OBwrCTpC/GblBRrkZM8="],"block_size":4096,"path":"imeconfigs/ml_t_i0_und.js"},{"block_hashes":["5lNkXlml+eB34/m9KsEkRgHbrmsHndG+BkJjeuMklV8="],"block_size":4096,"path":"imeconfigs/mr_t_i0_und.js"},{"block_hashes":["mD/asZRxg0wXas+ltxzmBgpGRfHJHrjcg3HfHzbtDJA="],"block_size":4096,"path":"imeconfigs/ne_t_i0_und.js"},{"block_hashes":["O0Ij+DZWIOs99m/MgRicogg4fZSi3xx7XBb/olMJGVI="],"block_size":4096,"path":"imeconfigs/nl_t_i0_und.js"},{"block_hashes":["C+jKLxoVpFai/TJnKlvxW1gCi8tDkFnIjtjPehMKbkI="],"block_size":4096,"path":"imeconfigs/or_t_i0_und.js"},{"block_hashes":["JwV8Q9t+wMMmHb3UiEKPAXY6yzXz3Q53RcsNen251Tg="],"block_size":4096,"path":"imeconfigs/pa_t_i0_und.js"},{"block_hashes":["XCxtOk0REMGeaDTmhWSVAwJ67/aWgYCuoVGZ2LHWGLc="],"block_size":4096,"path":"imeconfigs/pt_t_i0_und.js"},{"block_hashes":["TA+W5IYG+ORfMSDXDHuGD64Xs0Vw8/SJCgHfGvZ+ffo="],"block_size":4096,"path":"imeconfigs/ru_t_i0_und.js"},{"block_hashes":["zw/qLFml/ywubCWy1+AAzFVDnvq8hSGIDAcXb1UTznY="],"block_size":4096,"path":"imeconfigs/sa_t_i0_und.js"},{"block_hashes":["Ic3MJdKz7Himb7Hpyjra01mFqkO7h4DwVKd7XqsxlaA="],"block_size":4096,"path":"imeconfigs/si_t_i0_und.js"},{"block_hashes":["v7gP1BzJaPe3ce4fvZTvaMGwUwmJIu9nhA1lPatXgew="],"block_size":4096,"path":"imeconfigs/sr_t_i0_und.js"},{"block_hashes":["C2Pti4lu4cdgxRMcu23lIn7Esgp/mj7d+9fs3XNM53s="],"block_size":4096,"path":"imeconfigs/ta_t_i0_und.js"},{"block_hashes":["dsLodloQzZqTmki9es/9kjXA+7jqKcu8slD7Q9HAX/g="],"block_size":4096,"path":"imeconfigs/te_t_i0_und.js"},{"block_hashes":["CwIZz0G9Nq6ne07IBh1VC1u9lty4ePPV+b1p8/OkJk4="],"block_size":4096,"path":"imeconfigs/th_t_i0_und.js"},{"block_hashes":["5B2kAZfXcboVbeveflHCo8eH3UbVfcg2Dr2UwFYj44c="],"block_size":4096,"path":"imeconfigs/ti_t_i0_und.js"},{"block_hashes":["X32jszlNcAhFx5D4F4nVMKY4hSINuyiAA7dauzuV9oo="],"block_size":4096,"path":"imeconfigs/uk_t_i0_und.js"},{"block_hashes":["XmBjUMHht++PQNv4PPVDqwmsmNiVVSLA7Jf0fHr9vJg="],"block_size":4096,"path":"imeconfigs/ur_t_i0_und.js"},{"block_hashes":["5fOoc1HulnubNIhoYS+KdhBNhxPQo/Kdz8bXHizY3zw="],"block_size":4096,"path":"imeconfigs/vi_t_i0_und.js"},{"block_hashes":["Edw6uOzvYzHPDFubaZMo9Zknpk+oMrlm9SkIYs06DeE="],"block_size":4096,"path":"imeconfigs/yue_hant_t_i0_und.js"},{"block_hashes":["FQ2Dy7lCJxyoPd7Z/snyiB7JhgpzDa1MtSoL+D4WOGw="],"block_size":4096,"path":"imeconfigs/zh_hans_t_i0_cangjie_1982.js"},{"block_hashes":["uDHpLEjAXfx8C8JXKTrNaZJBmbOeLfHLnEf59LvYSCo="],"block_size":4096,"path":"imeconfigs/zh_hans_t_i0_cangjie_1987.js"},{"block_hashes":["J+2MMMtbZEIhtWm0QCK6VwpGlwAQq6zRzkCkAEaFJX0="],"block_size":4096,"path":"imeconfigs/zh_hant_t_i0_cangjie_1982.js"},{"block_hashes":["RbByvCd/tIY/XMiEodZUa1septamhId1MsK85gLOT9c="],"block_size":4096,"path":"imeconfigs/zh_hant_t_i0_cangjie_1987.js"},{"block_hashes":["6XxrWr4YkvewCLbdTL3xxpaqeGxjIefSLcaWvB3C2Bg="],"block_size":4096,"path":"imeconfigs/zh_hant_t_i0_pinyin.js"},{"block_hashes":["XFld60usZw+bl0xzuueQrKn5nPIg7Wxnc2nsLVewT3c="],"block_size":4096,"path":"imeconfigs/zh_hant_t_i0_und.js"},{"block_hashes":["UOVug181WtRNym+9t4IzwRo4FnvekzVfTugIxYIlZFU="],"block_size":4096,"path":"imeconfigs/zh_t_i0_pinyin.js"},{"block_hashes":["8s00UQi6KefTYNl2wM8Cox0uOw/in1zJ9mZxoOalvkM="],"block_size":4096,"path":"imeconfigs/zh_t_i0_pinyin_x0_shuangpin_abc.js"},{"block_hashes":["z/JFsnhMzCWhx3a0v42ljfTMNb7fhZPjMh6nN9Kiv98="],"block_size":4096,"path":"imeconfigs/zh_t_i0_pinyin_x0_shuangpin_flypy.js"},{"block_hashes":["mHznaeNa/iEfoJGgXwrmL/izbtlBl10C7rzMQuiTvgs="],"block_size":4096,"path":"imeconfigs/zh_t_i0_pinyin_x0_shuangpin_jiajia.js"},{"block_hashes":["uJpzrA+djAX/VbDpPwi16xCoVctMWUN8uMRx8UdRjzo="],"block_size":4096,"path":"imeconfigs/zh_t_i0_pinyin_x0_shuangpin_ms.js"},{"block_hashes":["ujbN7DG2V+Dn4ZFVoNCDg8YgtuO148UsVSIoKAyYkFQ="],"block_size":4096,"path":"imeconfigs/zh_t_i0_pinyin_x0_shuangpin_ziguang.js"},{"block_hashes":["+EYgRTjzxrqepyNr/b3/rxsCWWIgYC6ei0L+xSvarFE="],"block_size":4096,"path":"imeconfigs/zh_t_i0_pinyin_x0_shuangpin_ziranma.js"},{"block_hashes":["k3248b6QliquEPhbSjRO1mC5T5BRAmwYH014l9DAzR0="],"block_size":4096,"path":"imeconfigs/zh_t_i0_wubi_1986.js"},{"block_hashes":["D6ULHXJskDCert55KvjUWsHhKq7CXDooyPuN+75+yYk=","A5dUDz4KWKg5DyM2IBN1dshbX6W1cebhMH5VsCs3Tfc=","MeAJJSkesPoZwF+D7Od17NcdhxNYQ8ycKh4zkGqMGYQ=","8v7CL46JhyjyCnamLoOzSX+NyEXIwSm+/g0OtMIs4qk=","SN5pROrKt592rWNCzocPQ/XHHEsr3KqsdujgCzU5KMU=","M3ASqYiTueyxliO2F+BfawWybuV0t2zoY6oTyYnnnJc=","4moh0ukh+2kFXkMbqi2Bh1h7masaFo5bdghsOpsvwz0=","HQxVzu0L1i/hSwidydvE+y9EIii9bJLSvBsow/Ad1wM=","yt1yYfU7cUe44mfK2a6RKuTn8cBEDhmoWKESt/F5VUI=","Oble1qweM6oTbv+lDFB4Vfb7P6OhRWNKZhijNS7YQHI=","AVX6150w7aBEerT5XBkWbf34yAe+AHcetWB0FC+1iDk=","w8XxprsdJ9XMGS4jAtrKO01edbKIE7ORZfih5+FaIkc=","aGpR66YSwFfxXgEIAMuzFjKuoZHliagVklhCRuEJaAo=","VltMXKHdrwG1Q2AP3U2ZJpq4AnEHYoFXNzDUVEPsD54=","0c3X+S4cedkp7sVVLbUbzIRxFDRoATHnZL2AecEI1ps=","RKQd0EBeXKZj3Pt/b5umbskuZgLofsKbUA1pb6nj/sc=","8QlYGBd8fiIzsIJvUOxBLixOMUIMBhHVGZnYRdXcRN0=","uX6VxAL7hRQKl2rW42CMkq2rZm/PYCg3CCS1dZALics=","851TktycTpyu/zzUSP90TQrNpoxLsy/O0I+NL+Esvfk=","eof/61Bh/QdYWcSqDi2spOorr9CACe8keCHvaa6eMEo=","ms914SP8Yd7l4qfkhI6T/9pPC58s2In9uf9k7am0/+Q=","+IpsgKTIxU8eWD64vIzA2AOfAnWSgNgmwBW7SbAtIb4=","7a7deCxwvYkcyp61xkQixTJSnzjEmPmeYiaFmgVcNHA=","acbbc6TrjEPETz+2wmGVml2WoeDfJoknFtsxt6MESUk=","1HmmuzgWcfJAz7EzZqKx4YXc0v9mkV63SB1wiGsK9uY=","hULuTvVneCOe0tkuIML7P38M9DCGP+7fkiM31RJ0E0k=","dc13PRyspKJQnLjcLOMVM+vmH8ZtMfhuiyXB3k/j7uk=","O23W37lKMFw+MboXzM93tsGiDa5xdtHorBByWdecCro=","j+fMHg7huE6YrgRD5cG4PbtK77pRB7ungUnBpCb6UKg=","D9Rmj5tLm8eVL/4zIzhglmTTjoHd0NwMgsDHrO2zCSw=","Kg7pivDygyfq9UMK0xB96+wVDar6D2dAl33E9T2arWI=","XvX7fKjE6CWM8/vWekkYyxtbWhL75wgtq2IiiQZf3Z4=","8SNWjR79fVarMYnP2SlFX9MfT+8lQN7Jtgjy5VFUA/c=","NLijlJ3e6BZINCZMbDAyS4MzaT6tujpTR42D/dHBKOk=","MZGJHCwJaUrrFHROAgwtZBu5wk7qd7faERySOxdWUyY=","kb40awtLKGxE8jnLUJ5D8/46IjLXeWwdqyYoXVq8fKs=","zH67cwCA2T/qb7UR0MYyk3XC0Jbqyt8cZCFs4zePsiU=","A9p5glHrPN9dueLQsBmP5EeQncnyLoStn7JuvCaq/zo=","EDCLg1PKwsr0wbWNUTwNZr4miyvVWKM2MEBRcpoCX4s=","8vj4Q0LGMAl8JloDh3Q5yuBCNG7+On/hHwZv3v9cWWM=","7fYTFps7NxyGwVcHN8fnUYCoRydpE+kwMzLDtfk7amw=","xBxKrmNEBGlS2swhZu7WKL8lwKxlt0Pu/Wm6oC38pRQ=","TAt2cN4u/S9NQwRmGxrYBkDX0U8L2ZJx7QqZcDTpqEM=","3qQQ/QXBOk5kIKn9rDm6dVdaZMQO9QNu5M64UjSaPYo=","97TeHDk4J9zVJzCyndMNfuqfW9u8/WIb7W1oe6yi6qI=","DWQL1cEv2WbkVAvXktplkORjCYSYFX7zLkdqhriA1dE=","UudO6phSBoMvuH1JbRb5Wpnm+wRzjbgdgvH5padGdqA=","BfZUWJA2C0MYvOdBul2EUzINh4WEtOi6H1JxtdWAcw8=","V+WKcJglf80hOFMeOQCafMcKY8IJxymzGIzoolZ3NIs=","r4Rd5pb6cT7Cky4pnsUlCQKqOsicGpYlrjhuLtM+/4o=","1toZ4iRuscsRbpsjR4Rfbd15FgW1jn2geXcCzhhACI0=","FY9phV7omPdUjYRmEaY8Bz9aBXlsy3QTEp4PSRjDGuk=","+NHpZNKW8P2Um111ez5gJLu9wrCzXS6DUePGXYI78fw=","EpowpbpP5bu2zve18Ee1HoUp24SkYZUOzNMss7ymF2U=","g2j0Uo0PbEUXWAE7Bc54OL5WhOm0J0f5w/by5t1NnmE=","SbyiwtW00Irb22IUHL9IRmmc1rOqNZ/TY4nBnckqDCo=","kxLZyqCKD+ihpLh0D0P35skPlEO3P9ChfTwLeUfk9j8=","WNBiMOnDGTaFE7a+p1he/YJnqhgIpPCZluBcVhpMgnI=","y2LVMXF1YkFUkYfo+xGoQr6vo3kaCXrfp4IkDrtVeCk=","jwvb0nzdpU3Vjry0j1nFuOk2jIW0JaP4X9hnliQjtGU=","aq1b463smiKSVl6xEtJ2FSIi1cfXiQreCohL9YuKbB0=","i8LWMYbQdc+ec0jK0LWYOh1YNGphkvvOX6SpXXKm9es=","1DuuTXfGYRIh5u/SyvJA4ZrzeTlFayWTVbjh3nXGw58=","jglJav2mZ9a4r0tqGWd0XwAPtSgvn5tGWfpedw8xHXU=","24SsvkDjxSK/V1dODMKjwmeUDQ+Z1Ejj0DEkQLeBkAc=","7Kipye8EoUM1qiKzhtFWu1uAjn1wi4pjF88sP7r9IO4=","O2tLauxs9brk/MJu22gdOEXmcmR7P+KSp1osV01TGn0=","IBD7hVYSmbQ5PLpxmOX9AtcXBxSTK5zkpi7jcfNH01E=","S8Dtviuv+6b3HGJzWEw5cGDWHCFqXHO1aTeaU/IgGss=","WC5BrCzImD07pPQiD/vNwewD82+4PjjgXjQ+CnyEvHc=","4QigyXwk3Q/H0JuP6Gc471Mmbz5XpM8Vrn+q7Ma9MuM=","qrFpGbEPUKyf6FAAAZOEKTFZXpx3KrQkkkL6ggVgzPs=","RQAuDKHoSWYgleQ9zjZ5uDfoF5VnyjcEsImxVF/OUkQ=","HkyP8sYyQ7gzNU2g6IihEqW+wP99Xoekg050f71Md8k=","EAlYGIvDXfn6uV5I/PxLuE88cPVOcGsoJT+1ylxk2n0=","YO9hV7ap7PvWUE+x8JknnBP+WPjTDWNmTyZR1lEEn5U=","KkJDHBfc4ySk9M28jRRivMlxosfYSEWtJ/m88m2qEJ0=","5+tCPh/l/piyZcIbfLLEBrlH27itmHW+PBEwzaCbKIc=","r9YDewzrauNQd60Q/Iwivffr7po7JUbqM/3zkIkYZtk=","FstIHKeypSCQj3jLcEbY4f3+GQfrtBLAy8vba50wT10=","HmSoxLirxSvVOYPnQGLvsd/08OodxMIs9fvcKczV3hU=","X8f/g+bF6v0G+neBA957vBltRB8E8Tq5u81hKBmGPXI=","MidC4Pl4/pAnf6CyGBmHvXCzfPkeDzM/UTSDUFqvBJI=","6He9iXyTyl44V7Wc/NwgqHl6AqKw6bHWQ/yTOczKcIM=","RhEJ8jwOvodCwTXeA0mMS9EIJtx579KKSET8+qPVHxU=","9ZqmZTi9K2PJfKsdhiNsoDXO0h8gGBsJXvOXzjwJ0IY=","vmaafJFpLxlmpDBPAmNimZDJ2hpmdJdUkeACKHPAmbc=","5K7I+iJXxBUfaWFhfE6fvxO6A3Ixb5sa8R0PgncQn0s=","4nInE5Uij3H1nKZ64DgZbhVOjiqQ2tf3J8sJLQNM0Xo=","RHblaCa7VAiWluEDXe98/mC9ioVDQA1aBa7HTdg5ADQ=","I+WGUzuraj92lvgyNMbISQu/BREfo1JcPwS3IMiXf+I=","9OEUnSO7S9VsgElZTr3hZYEjbslcil9jlvOB3iqUTVc=","gnjlI6eTIs6gEmhrjgq/rvX6VJGAxJ9qPmIrNstlBsE=","K1qvxfuFkWEl6h79Fj121eKgHo57xJNJZLG/mm3GLns=","jUPaLtjamBGDEQPPBBSaMdo7+pnE8sjrxhdV3Mhrac4=","epSfHmsLQGaaejf37/UU7l2eZl/27vKXrDoaO48VCFo=","g335naAaRfpSUidbCkIZTiIUi3IC2RW2wKF/puB1Mpk=","KFF3Lb842l2cy2P4RZ3zjbHSOAAW1Tnqut5o831j8HY=","nojvTnM6ZsLfeWWTRJih09usZhfdnUV2pPinNXguO20=","JPESEwjkEJCQEngxKASAmMdr16JN0w07NF4ZioclbdY=","+ZBvNtbHids6lOBI+QVjRD6pEKANfTRu7EwIFjIfIJc=","Nvn0dkuY1O9GqS5DihaMMJ8F+5TczAZImlrx0be2cGc=","7X66lO354x08REffrIDipo4sZOeOtQGbnE0RLC6KCbg=","7067jZe2/+knK2UA3+WUxgX59P2bnCxIV6ePmW+SDrM=","CBGJuoUPKVgf67N7mI2sB+FyQvbU/XDd0VK+TlD9v6w=","0hvokF5H8RZOMajCH9m3JQSDuy1SZl6eJg4Lf39tH+Y=","jHe+Ls9YFKxcSURFSLtYRnybsBNge0vNBoZ3ONYcMfY=","2wPaJunF0b4MPT9pbfthpl7Qa2r7TNf13zCca7Ms8ic=","OR2uDi8+RLz6re6XN7Q/VY2TJkIgtAwWymVxUDqKUH0=","0M20o7aAof4TLX/Y6z5P2TOvicXrc+N72UENrWYzk9o=","hvOOAp3aJHtUdGzWYDMegD7AD1FD2UO/gen6Z5e/XE8=","Nc0fHFTVkkwznLb+l+UiheMaTq7s5h22BZgqDFSzmkc=","cy7bJCpHXVmieaO+N8pZKYVGApVRcWAzZLbBszBCbGY=","4GXqXsea3/6T85PJQO325/qqYNGWMq+kUDqe4Wu/EHE=","QiEpX9vSeMGm+Sdb4OAoOa+MbYGdvFiRGE1B5DGzC/4=","/5STdm0NoInGliWQHwzheeHDZ+xC5MsyEg9N1GEmjM4=","nBxh9NI6krnFSGHfM5qBbMx3S9uTDKdz9m3llYYUL2A=","jpuQVpAMyQfeFHeN4J/Q1t05+0z/IMh+CYqaibgunZ8=","4UtKGp4LzkmZOc+3Q6AifBCNHTBgfOMf2XaBA0HYZa4=","9iy2JFvNnFlNh0SRLydp1CZUp9XY9bx1m2pB5ovy8JM=","FtV0rKecEaCs13AACkFH9Kn1ATJHSXpGM2NWJyWDZjY=","jy3bLxlwdfQw8sTBKtJoOh6A35MA8/D88CuA1zJw60Y=","hPtVOhzMyaE0AQAbLzkCiM1AYpoCFZVPTYynzbN7kZ8=","fuAqFQW/g23Y87lhV8r4eyhybhbZ0UowWOiKYzOFzIk="],"block_size":4096,"path":"languagedisplay.js"},{"block_hashes":["yqh61cDJ9mHjyHoeF5RHjWS05+662wo6HantvFY9TYE=","qGP3z4DOPHp4ull50WaeJnfJK3/QdHgxeC9+GJvh+XI=","ea0gfaKhCfALOPZ4ki37lt0TmRxuL7ajWT4LKSjpQoM=","ZqT6t6w05Tm0Q01amfVakoXjZrtvKogxEz9ePY3c2no="],"block_size":4096,"path":"layouts/am.js"},{"block_hashes":["3xnA4C4vhx1gmaI9yIo7MK1phEC/x7PcrFXtqW0PG1E="],"block_size":4096,"path":"layouts/ar.js"},{"block_hashes":["tgvHnoWbjCCzp8nWX9Hw9w0FSr2MaueiQAXmgysEvrg="],"block_size":4096,"path":"layouts/be.js"},{"block_hashes":["AoaOgjdEZzRLhu6zcY9PyjJ5XcV/9hzgbr2N7y4MbGU="],"block_size":4096,"path":"layouts/bg.js"},{"block_hashes":["6qVfHXlI5Exneha4Jssvn4mEIMikI00fJqf9YJj58Q4="],"block_size":4096,"path":"layouts/bg_phone.js"},{"block_hashes":["bqGGTZW3nGu44VR05quLsIRMJB8c11QLvu4rSfX5IXM="],"block_size":4096,"path":"layouts/bn_inscript.js"},{"block_hashes":["SfLNcKNwhAG5wxU81rJsmXLWOFIoQRi1OMPKdNbyXVw=","bJOwkjYyBxMBuL0grIVWsKUrpJdaiOnowAhrYyD3YTM=","aQ5euvu5r5KeBv6GwQbA3TAV0sv4oforuliJ4hVF/sg="],"block_size":4096,"path":"layouts/bn_phone.js"},{"block_hashes":["U3F8ar7ThUO5pgTiroHG0ApDanGFFF8oRBcb3X2DqoY=","jjA82dbyxVuZaX3sSQ4jUegb7YDG6DSy96ljKoAmkU8="],"block_size":4096,"path":"layouts/bs.js"},{"block_hashes":["Wk1KKdaHuZ1YpNPO/UPFUWaDkgWprus5gzzhOoNs0YQ="],"block_size":4096,"path":"layouts/ca.js"},{"block_hashes":["kS1TKt5XtiKdGThTb+ev8n1gFFRN+M4LvbwBXXh5Ino="],"block_size":4096,"path":"layouts/ccp.js"},{"block_hashes":["H1m5NcGxm98YYmvj5bXmU2iqv80GIBxsro8sr2F+2kM="],"block_size":4096,"path":"layouts/chr.js"},{"block_hashes":["yLmPazWgA/P1UVXZL7Hqv1VvB+I47yhQ6Wc4mRsCx9M=","W8pKDK5rRBN9CYzORn/503hpLkV+lo84o0/vaiMAss0="],"block_size":4096,"path":"layouts/chr_phone.js"},{"block_hashes":["XziMLU5NoAZvLsDrmdyYydEHu19S1r3f1eji51ilE4Y="],"block_size":4096,"path":"layouts/ckb_ar.js"},{"block_hashes":["AcNqJd5IEeM5S89gwfVs1lxo7NFwBOQFctV/K7e8Rl8="],"block_size":4096,"path":"layouts/ckb_en.js"},{"block_hashes":["eHWIzGRrJIFJKiIKjXV0BeIDIXwIcuMR1sVIA6aNA6I="],"block_size":4096,"path":"layouts/co_accents.js"},{"block_hashes":["wElg0EdRhZHY5WY/CyxIv54jSArrtlgmFWvVC7pJ604="],"block_size":4096,"path":"layouts/cs.js"},{"block_hashes":["60ywv8L5IpM2m/E3XaN8ctIyCfMpvAclxyya5vJL0Ek="],"block_size":4096,"path":"layouts/cs_qwertz.js"},{"block_hashes":["pco5eswQUoTBMiQmSGRrhj6n1rwui2jrNzBYUcPjBRY="],"block_size":4096,"path":"layouts/da.js"},{"block_hashes":["6SN0Vbd64pO+vrxZOqdv7/zhkG0EDk0bDx6qqgNxCwc="],"block_size":4096,"path":"layouts/de.js"},{"block_hashes":["h39RbVrCLW9yWzznHq0JFm3w26LnaD4nbDCU/rdRxiE="],"block_size":4096,"path":"layouts/de_accents.js"},{"block_hashes":["tJfsN+CS8jka5ZiPR0hYM/OrzrfXpV7GiXPl3T+tM/k="],"block_size":4096,"path":"layouts/de_ch.js"},{"block_hashes":["nuQgF750nY5xsZG9HC8ZR25+KYIP381/rIBLu7EENlo=","kUxoyPvCR1DVQty0jkBNGbqD4nAkK+edrTT/LJyGSoo=","WWYE0ORjVwVcdhFZ2ev++0BxUn3U1rmROFfCDQV79Js="],"block_size":4096,"path":"layouts/deva_phone.js"},{"block_hashes":["RoqmJhcCzO1wg2WkO4HhFETwEG9FC1G0dan7qJCHZqw="],"block_size":4096,"path":"layouts/dz.js"},{"block_hashes":["1z5Dt5NUQwiyFlFYWg2XpcER8iv8csM40jBMXjEm+GE="],"block_size":4096,"path":"layouts/el.js"},{"block_hashes":["eYvZbrg8FuQPx25JtldVdLUs8T9br2YtIsLpGCWPjQU="],"block_size":4096,"path":"layouts/en.js"},{"block_hashes":["p+gQi1ynY1Mq+TGcrzIuI2uM8Z51RNbGFphMgDnxRpI="],"block_size":4096,"path":"layouts/en_dvorak.js"},{"block_hashes":["PToc+e8dq9B1Y+9RwdeOXxdgH1zvLu1775ErbY5gYB4="],"block_size":4096,"path":"layouts/es_accents.js"},{"block_hashes":["a5LcswNr9dK4GzH5d3+JtLu3JCGnN4dS7Gvas+U0X3M="],"block_size":4096,"path":"layouts/es_es.js"},{"block_hashes":["BniETFLli4MHF0/A1QT4gKYRIFMeE3jEh6YHa1yonMw="],"block_size":4096,"path":"layouts/et.js"},{"block_hashes":["Q4dAV3jU4yS6ho1Vc8MiYgIIyanibNpl5ldB4PV22LM=","yRKAvgdEQUwfxvU6jVfFWCJqS7aSGCda6h4Oe1EKgl0=","z1+mfrn0DPEpNnp7rc6YWbkBhJYBOVOP+h29onK2Gqs=","qPgLt67IGOXA6dgXAQUl88zZvgB9nmyLZt92DVDF4jw="],"block_size":4096,"path":"layouts/ethi.js"},{"block_hashes":["5bRjPnQ0owm8Qw1uvcM+hv6OsIqKui8Eq3UfRpkD6jw="],"block_size":4096,"path":"layouts/eu.js"},{"block_hashes":["vRRoV0rMZRNfCyxkAxVwlYCF23W0WUns4YaT+42taYg="],"block_size":4096,"path":"layouts/fa.js"},{"block_hashes":["oHWOMumU2wBaRNxYpAGH7s/SFmyjlAuGmzVJatoPJSk=","oN7cBXuRQd34RFQ7AWSuMosKtZpTX+SbnGfAIubqCzY="],"block_size":4096,"path":"layouts/ff_adlm.js"},{"block_hashes":["bRgxNjn+MjBZuHUlbMFT+VzzKEelhUKJH9EoH9gGx8s=","OCRoEz5zLkNzkzgu2SgkeY43lTDtwSaD7OhyD+8g0oY=","MePblqC47YlFZV8K6jFDWIATbh6MQzHThsa2wx5EQGQ="],"block_size":4096,"path":"layouts/fi.js"},{"block_hashes":["kF2fuGAGagYnfKCiM8ipqIDRF7B3CSeh1FkkpwlNpTM="],"block_size":4096,"path":"layouts/fr.js"},{"block_hashes":["bGNnHQ69kvRgyAqiVLx1Bum+S9zge6dSXEx75r59CX4="],"block_size":4096,"path":"layouts/fr_accents.js"},{"block_hashes":["N4j9IvgL2epb0ODds+XWSnfrwS7AnehKXrxHDybiWZA="],"block_size":4096,"path":"layouts/fy_accents.js"},{"block_hashes":["fIWLICZUd/X5MiQYzJDAVvYEgAshqT+jvopKjdIyyuU="],"block_size":4096,"path":"layouts/ga_accents.js"},{"block_hashes":["Y8yDZwgI+sPAvKilfH2P61LMbTO7D30tcC5zVMr92d4="],"block_size":4096,"path":"layouts/gd_accents.js"},{"block_hashes":["fXkFkVW82mn+lZkFaXBw/b4/MfxvmUgrKXoob9daO7k="],"block_size":4096,"path":"layouts/gl.js"},{"block_hashes":["Dn6ONxDrzCWPn8j9vWpyYaZ4OAzR27PNYK2AQV8/rkE="],"block_size":4096,"path":"layouts/gu_inscript.js"},{"block_hashes":["vUela/QRgYDEx3jVRd116SpJmAqHfGPzl4nRuJHBVcE=","pucqkhRu5CYjQwZukGSLCHpAgTXT7EzBcpENEQoK68A=","yS6icqCWTRtGi2wbqnejgTtawi0XnbnithyUhgcewYY="],"block_size":4096,"path":"layouts/gu_phone.js"},{"block_hashes":["InZadZoGyEiJpoGAxkrSCtTvK2CbHKr7vdmSHrBf3mI="],"block_size":4096,"path":"layouts/gu_phone2.js"},{"block_hashes":["K14eTOXJGV8XDnwbzKaR1zfZ4Loy20XGojOnxFVyfww="],"block_size":4096,"path":"layouts/guru_inscript.js"},{"block_hashes":["H5uxY1sCRlV76wxV7gWRbjIWYBZAbMCNuHCKzwyP18w=","3R9ApA19gKe138F9cGBm37wwTbUU3bAogEuN9aFIniE=","ZppkeHOHhqXgdztXnWCRY7p/ZzGojsxUVOHwv3A9+Ec="],"block_size":4096,"path":"layouts/guru_phone.js"},{"block_hashes":["q05Jrj6zP5AI61SRO8aFAEL2vvvWTM8m+beWJ/oaskg="],"block_size":4096,"path":"layouts/hangul.js"},{"block_hashes":["wkUTYSXgBNM37VK4+vPx5kVEaWrdehPWsSLvqIGzWxE="],"block_size":4096,"path":"layouts/haw.js"},{"block_hashes":["VO2xrhGVphysHY/IiX61+odCC6haavTieXSWDsyGln8="],"block_size":4096,"path":"layouts/haw_accents.js"},{"block_hashes":["kSjgXY7Ybfna9pKJnlQR/hlDHeJ9yzQ0QCcSooMUv0k="],"block_size":4096,"path":"layouts/he.js"},{"block_hashes":["h1ZkTMOl6xY7qVCxXm80i2W6Mqn2lbEniuADXTeVOTg="],"block_size":4096,"path":"layouts/hi.js"},{"block_hashes":["pgvLQLcIRaYmhG6AIYhZBxlW8zDs1ZWHRSvU/+zza2s="],"block_size":4096,"path":"layouts/hi_phone.js"},{"block_hashes":["Wu+sjFCo0jxoYnv5a9Pio/Rk40952Jy6d2AIO4s9EMA=","dsFhDrp+0GFzkeGWwJfye7zYqao4O+ULviAgk+0seEM="],"block_size":4096,"path":"layouts/hr.js"},{"block_hashes":["fe5vL7kXMWYRrJKlkBE0aHvWY1/7ztvmBX6tOSw2qlA="],"block_size":4096,"path":"layouts/hu_101.js"},{"block_hashes":["S40adcRsnJojq5cikbk2rCgvaO4VYNecf9hC0JSinVg="],"block_size":4096,"path":"layouts/hy_east.js"},{"block_hashes":["RlMzFHaApg2LJ+/kMke0sAMTckMjPSGJ4TpW7G1PPPM="],"block_size":4096,"path":"layouts/hy_west.js"},{"block_hashes":["zWKn+4u5iTlZZ9tE4PqMtEz50MaxDB+7mX5Rn651jcM="],"block_size":4096,"path":"layouts/is.js"},{"block_hashes":["bvYAFb81iKJ5sp5zzZSNKjrYLxUcpaY6DMfwr4RXZrw="],"block_size":4096,"path":"layouts/it.js"},{"block_hashes":["EN4NGo/cMS8Q5JhaQOPY23aWTJ4rhv3FP7yXwQIuKaY="],"block_size":4096,"path":"layouts/it_accents.js"},{"block_hashes":["F0q3c1+VkPGWnhJBopAoE1N/tNwe2lqdgCDHtV26RfY="],"block_size":4096,"path":"layouts/iu_inuktitu.js"},{"block_hashes":["KS+fADQdE9DDiPlAoU4hGrHzhiIbtIr32PWiVadD3U0=","s/s/hUrogoHcqw9IcnpJI9IMlNfZP6YhX/c2+aRLy9M="],"block_size":4096,"path":"layouts/iu_nunavik.js"},{"block_hashes":["y+5QEaqwV0UrWKNdd+Qsy+cI01PnaqxnLmgSxlXpzD0="],"block_size":4096,"path":"layouts/iu_nunavut.js"},{"block_hashes":["VkADuSjT3o0R2kXl0fB+5MLahMcKpJaXVuoXgcRjM4c="],"block_size":4096,"path":"layouts/iw.js"},{"block_hashes":["4+7IFecDsDxMcjGfaYcQFbeq7L+n/PoQe87s7t7zf1Q="],"block_size":4096,"path":"layouts/ka_qwerty.js"},{"block_hashes":["5nI1hdfj291WOy25EKSbJqgPcf/XZ79H4wnvszoox5I="],"block_size":4096,"path":"layouts/ka_typewriter.js"},{"block_hashes":["P6FQ044phPQInwKLAA+9lfKOU3SOXZNCLnZ9B2pQNo4="],"block_size":4096,"path":"layouts/kk.js"},{"block_hashes":["Zs09P/3iARF7ilNMc9nCjKoKgthjQZCB2RjO5RqAAYg="],"block_size":4096,"path":"layouts/km.js"},{"block_hashes":["PlnIkRtTWUzw45a3iONXuMsGyWezcEbVEgp7eeksakI="],"block_size":4096,"path":"layouts/kn_inscript.js"},{"block_hashes":["8w9ZDZbzTusAt7V0QBf+TwAELh9XInHbpFUrKQCR3sE=","EoD/G1xiK6qCsg11AnktNUYMM5clj+gOZ8FiyNCoekE="],"block_size":4096,"path":"layouts/kn_phone.js"},{"block_hashes":["0Wq5elAkae5Qfee7QfVc/XrRNLfMwTGlooZYWBtoFIw="],"block_size":4096,"path":"layouts/ko.js"},{"block_hashes":["yu/b8GnYpuBSXRXL+J5mcTG3SDH+dXPKCOLhKrqoFeo="],"block_size":4096,"path":"layouts/ku.js"},{"block_hashes":["hYcUBiP8O5HPfU85E99Ill9itOEaDUf79nXlgr3pK6I="],"block_size":4096,"path":"layouts/ky_cyrl.js"},{"block_hashes":["A4qSOFIij4KlwD+4anQZy2GlOd+xeRKKrxSTqUU2ZVY=","n+ip+OxHqDbuXvT95agmBnKBw9uHb4S7I/MJuxrVOLw=","YHlSU/bbQK6MWkYxGzjz2NSLTcyMNoMg60A2+DbcJng="],"block_size":4096,"path":"layouts/latn_002.js"},{"block_hashes":["SIfdMrvl7L8uBe119GaklNF81tK8XUOycelz3rYSrvA="],"block_size":4096,"path":"layouts/lb_accents.js"},{"block_hashes":["wAOSGldoPY3104ysIyrC3ibWNmJYIrKQnl6yoJYaDZs="],"block_size":4096,"path":"layouts/lis.js"},{"block_hashes":["rlNkmEFQk+jHWzUXYweqmr6eisvjiARXi2hgmS0wJpA="],"block_size":4096,"path":"layouts/lo.js"},{"block_hashes":["V2zjyDCV6SMjdpbcIJ/IzH1NCEICoZjWst1QSxZyqeM="],"block_size":4096,"path":"layouts/lt.js"},{"block_hashes":["pSpcUz1elA67hoatUyPEYtO7iEMF0RSZBo4qviv06z4="],"block_size":4096,"path":"layouts/lv.js"},{"block_hashes":["ZlucbQX0xZg0E0U0KjfK3HWNR3Y/tChHFlQNXXGa0ig="],"block_size":4096,"path":"layouts/mi.js"},{"block_hashes":["lO6uYXWRHe4H+IoTx1iodGUl3Z3ZZV3I3nI/uhUr3T0="],"block_size":4096,"path":"layouts/mk.js"},{"block_hashes":["5oPg6fm1Ok5YWzx7ATBl6k0gV7bL4KLL0eP6kzGdiMk="],"block_size":4096,"path":"layouts/ml_inscript.js"},{"block_hashes":["bQgZCyCWLMm3T07XpOAc7vsfqDsQmXBzIq3hvnSeGa8=","TELpEqIaX47B2ddXyAO8/qJg4l24KYk0xv3eWib3KqI=","zSu6k0IMxg1viTf7FIh/AXlqCUAksrmYe/2J8wsKhvM=","dVdRVgMehMA231OONeYfTI4JgnIQWrKzR2y1mFmqElk=","6/dRj+lu9VsoFf21zmpIHowDbdldJN0V0MQZ7wXJYzI="],"block_size":4096,"path":"layouts/ml_phone.js"},{"block_hashes":["r2JoQnMFgnirf2gLAC1I63GnX96URfUXIjqwqcsL7wc="],"block_size":4096,"path":"layouts/mn_cyrl.js"},{"block_hashes":["p66/cRhf2gWV/US6TBY7fZ0CTLZYC1jMBcUqAeUAVaU=","GoeOOoDK54qxOMfefexilX0IG1hhB7HbH7UjZZmLMvI=","Ir58LyryuvkxUmIshc/y0e/9TTbLFT1E2haA9jt5ZY8="],"block_size":4096,"path":"layouts/mni_mtei_phone.js"},{"block_hashes":["JxA1Tw13TqXpV80hT/dv9wBpu6WCGGwD7Qb27dAF+NE="],"block_size":4096,"path":"layouts/mr_phone.js"},{"block_hashes":["zViolk6/jwga7jAmVVYv4erHqncRqsSo2VeqopAoJhs="],"block_size":4096,"path":"layouts/mt.js"},{"block_hashes":["kgy+lDWIxBzSnSzxiuXiDhzpllN0MloyCd0bNnvudHk="],"block_size":4096,"path":"layouts/my.js"},{"block_hashes":["xnBzd37peH9wglBGPBlf4AqkhHDTDEx9vhjMbOhS1Z4="],"block_size":4096,"path":"layouts/my_myansan.js"},{"block_hashes":["hcxZjAGrUAUmVWaVOySil2E5mYX+lGJAl32jsKahXOE="],"block_size":4096,"path":"layouts/ne_inscript.js"},{"block_hashes":["61Qag8l9syW5D5XiQGI0xe7CjDIbzrjOPAPK8Kq49OY="],"block_size":4096,"path":"layouts/ne_phone.js"},{"block_hashes":["AJw+rbUmRJOAyOxuOH6bqIt0DtdIVv0S5j/GqniwEEE="],"block_size":4096,"path":"layouts/nl.js"},{"block_hashes":["iiircwZaymNYXU9lMjatDK+cunYR1u+sHzOEUHJtvs8="],"block_size":4096,"path":"layouts/nl_accents.js"},{"block_hashes":["0RuGUpOIO+zhWMzlZ/7VhoKVcNC9VADcFsue1O9fPQM="],"block_size":4096,"path":"layouts/no.js"},{"block_hashes":["2JMJn+AMdZQEYNq17taRjHS4NNiZsD+n9KPJcFI5AL8="],"block_size":4096,"path":"layouts/nv.js"},{"block_hashes":["y7lQDrD9b5OjaqROM1TXNz8VLXmWZvFe3wSCtZVfF6E="],"block_size":4096,"path":"layouts/nv_std.js"},{"block_hashes":["ivXgcFuEn0cpP9R8V56wonUhoDpqYwqlCzRcLBjCzq0="],"block_size":4096,"path":"layouts/oj.js"},{"block_hashes":["SodlyF5hBzlN7laHPUje8vAQ5IWA2uEPNPDHupuWOd0="],"block_size":4096,"path":"layouts/oj_ojibwe.js"},{"block_hashes":["4b8EysMKjz4HEhxh/vowLzWYHiLR4cCnsnFw7Bmao5Y="],"block_size":4096,"path":"layouts/or_inscript.js"},{"block_hashes":["UOIo8j09+H5y/f0hJd+MTf+gzIthAoRn0/35Cwr9c1M=","OiDSOqyNUmebDLYHtrBCy+FwZchcDZQni4FykOPP3EI=","7ZQSIuZcIz0ib0MxvKocTffeZg3wnf4YSk62Kb42cU8="],"block_size":4096,"path":"layouts/or_phone.js"},{"block_hashes":["Di8PG+Qfkixe0TgFfPoEEyyGHKJuWiSXaN5xihHRfRI=","GiiJvMk/3SujfXGE2fv+L29s3QLpdH5Crb+j/2D335c="],"block_size":4096,"path":"layouts/osa.js"},{"block_hashes":["LKsN2dCCS2j7oWhqv/tyUBsW/r5TvOLiLof1C6x3BEU="],"block_size":4096,"path":"layouts/pl.js"},{"block_hashes":["h5z6BUVRaufT864Kn9dvMTS3rL897jP4dCt60o6ZFVI="],"block_size":4096,"path":"layouts/pl_accents.js"},{"block_hashes":["/b5O3eTvTj/FeggAEG5z6jukq4Jf3o2zypI+f4Wb88s="],"block_size":4096,"path":"layouts/prs.js"},{"block_hashes":["hmKEZ0xfKpbbbfyMr5D8I3XLs67+MhfHwRbjVkoOVoc="],"block_size":4096,"path":"layouts/ps.js"},{"block_hashes":["l83wML0hbeHpBH2JV0M+ACu0reYV/QjW2wY1SOluJos="],"block_size":4096,"path":"layouts/pt_br.js"},{"block_hashes":["Jq9TzvnGcNRdl0+vccKdDsxpqacoepBs8UQmYFUts4U="],"block_size":4096,"path":"layouts/pt_br_accents.js"},{"block_hashes":["AjFIxcxUh9vYeiU4kxpU1KkbKpJEyV3u3ogB63F7ZQE="],"block_size":4096,"path":"layouts/pt_pt.js"},{"block_hashes":["DgUfVeMUWNX4uPDuVxxhBSCt4Eyu4U51I7hh/O5sbsY="],"block_size":4096,"path":"layouts/pt_pt_accents.js"},{"block_hashes":["udQAqQo1Mt+AC5H6St4Hyf5eo+Fykc+nw4C2DISE8tk=","A53JSEgOFxuzqnKnD69GuYAJs16RY1WamOrDUE8+GYE="],"block_size":4096,"path":"layouts/ro.js"},{"block_hashes":["z2iQ77DoKMCrdXENSQGUPN5UkiJtLr4kL37KzgXgRs4=","1bmKhQiDi9IwoHixRvT8IIQrWg9SndIgNUnQ1gVklmI="],"block_size":4096,"path":"layouts/ro_sr13392_primary.js"},{"block_hashes":["BPnmdV3KQTrj4LYHiSNj6L6Zhn/7W42uw7X4xKpiqDY=","imPa+kR25TQ1MaIPPPYWLF/fCNXUeXyKXyp9fHuyvzU="],"block_size":4096,"path":"layouts/ro_sr13392_secondary.js"},{"block_hashes":["9L1Nb+pJJpw+v9tD2EJWGvOwzbjyABpwyuS6J9uYVz4=","K1YM6rmI/d+BHrcc+Wxw4Pe9G+brsQJJKuN9bHjeOTU="],"block_size":4096,"path":"layouts/rom.js"},{"block_hashes":["uo+1jsl2QrHosAcJzT+fogzWbNi7z39+KPfX5gJkpqM="],"block_size":4096,"path":"layouts/ru.js"},{"block_hashes":["yKHvj8FVisffE47YmAY1N7QCaldassjmuF7tAYrrtjg="],"block_size":4096,"path":"layouts/ru_phone.js"},{"block_hashes":["u/MPeRUULMYZV8H0Uio+t9Grj7D+3PQoo9Po9ROmtZg=","qI837t6WpiglaoZrTVG0cnGJ9feTdqEWv2eK7M4TMmI="],"block_size":4096,"path":"layouts/sa_phone.js"},{"block_hashes":["o2atLG+oxwnHMcRFlky8PiJFBri3zrIVhASJHEgT75w="],"block_size":4096,"path":"layouts/sd.js"},{"block_hashes":["MYPstodzCGRBTOPEH4sDX+ZiM+5NgFTQAD8gtCNqDA8="],"block_size":4096,"path":"layouts/see.js"},{"block_hashes":["Rs3docM9JtmHYayZrqE1jw4Mf+p1xX1gtYYVLmai7mA="],"block_size":4096,"path":"layouts/si.js"},{"block_hashes":["dan999vgrgS6T0Iy+Y2OUBEG7CvjJm4k5hXKrSEe4gg="],"block_size":4096,"path":"layouts/sk.js"},{"block_hashes":["P9j9AovgEhbMGVig7PyInAjSom1lwRicDFwYP0//uWs="],"block_size":4096,"path":"layouts/sk_qwerty.js"},{"block_hashes":["a+donjq9W+1nkD6WZPKS6QQwv+tdgQr/t7ucLtmUlio="],"block_size":4096,"path":"layouts/sl.js"},{"block_hashes":["JGRAbWjwGuGYjMfLEeEs5kD6y5Tly5J3OXpOd96LnHg="],"block_size":4096,"path":"layouts/sm_accents.js"},{"block_hashes":["5bCYuBL3S7XUnvXnevn7nhB9omp7njgg0gsOa8LSkLY=","Y81khwMVGGIrX986PXdln+G3B17iKsIoICQ1VjLih0I="],"block_size":4096,"path":"layouts/sq.js"},{"block_hashes":["GRTTkxL9PRy+2EjwPNn7/6CsoF9HiMjmhWlBGkOSPek="],"block_size":4096,"path":"layouts/sr_cyrl.js"},{"block_hashes":["hqV9u+Ra/+QDdu5ys+TGfdh08gc2C2mLhgT3Sn+bH/o="],"block_size":4096,"path":"layouts/sr_latn.js"},{"block_hashes":["vwX3Ss6BGLbiTbgysc0ygOV4owWz7Xnm8qBbBABz2xM=","nUhdCTBg1t50wNTeXBor4Tz1/qwHjkpnwD4mB4jGVgo="],"block_size":4096,"path":"layouts/srp.js"},{"block_hashes":["qAWhQYkPSl5+CUwoT76rDFz7Cghl09Y+FJQI5InfSEU="],"block_size":4096,"path":"layouts/sv.js"},{"block_hashes":["RN6YKb5SXn47fYkKJ/e7dnUJEcs9udNn3Y3UMT0jhXo="],"block_size":4096,"path":"layouts/ta_inscript.js"},{"block_hashes":["/pY6r7TOndB6/q9i7G9DJUEdcyAuk/eM+80UXKCR46M="],"block_size":4096,"path":"layouts/ta_itrans.js"},{"block_hashes":["Gb8suwXzlNUxjH/VZDbp/RAUO1DFtN2Fj/6hc4D3KXo=","b2k9lKCjDpK7ZNr3ktKWWcvx8wsGfK1/ko9rxluB6io="],"block_size":4096,"path":"layouts/ta_phone.js"},{"block_hashes":["CHWc+YFgmre8jyaLrHpdxM/U6Lj0jD4xYYFGKPG1QmM="],"block_size":4096,"path":"layouts/ta_tamil99.js"},{"block_hashes":["aNoyjcP3N8zeJxkG+yt1S8S3A1tinMBj8Ia9SK/TzAs="],"block_size":4096,"path":"layouts/ta_typewriter.js"},{"block_hashes":["+d46NfnjBPAeoFbOfyJvlpmSDFUFF/M4/FK+PMbjoh8="],"block_size":4096,"path":"layouts/te_inscript.js"},{"block_hashes":["o9CVFq5f209vbpz0vhliYeA/E9v3EuyZMaZdj0KlBIM=","DXHwQngpHUzSRR7W9gtAEKb5Ro9oK9bgC9f1E/KmJK4="],"block_size":4096,"path":"layouts/te_phone.js"},{"block_hashes":["Kytifqd2Zl6zGQl2OaJhpFJicJUin/2nYG9Z5rWaemQ="],"block_size":4096,"path":"layouts/tg.js"},{"block_hashes":["9JWKHMmxgh9pJdasg4dpG5Zv/DYYRzf0t/lyZGeW900="],"block_size":4096,"path":"layouts/th.js"},{"block_hashes":["EQ67pPfj54ig6jcd92Z44HlFVuo1afwotC/kHjhouF4="],"block_size":4096,"path":"layouts/th_pattajoti.js"},{"block_hashes":["5C9c0Mr1Gibgi4t7eFBET9qdV5SbF9AK/3l1E0Hvv3Q="],"block_size":4096,"path":"layouts/th_tis.js"},{"block_hashes":["RJZdaQF+bZ9yNLbg1gQMNBu/v91+JfWocPYqTc4brv4="],"block_size":4096,"path":"layouts/tr_f.js"},{"block_hashes":["d8V7+nqfzTCHeC5+FR5bGke77GA13rkgEoFZFrCOiAg="],"block_size":4096,"path":"layouts/tr_f_accents.js"},{"block_hashes":["bIen6HUMLGIP/0HTGVVn8SbU8ZFL8USlQq7tW6RaY28="],"block_size":4096,"path":"layouts/tr_q.js"},{"block_hashes":["XhYbFb7O0UTJhbf0e3SVyAjuDxSXVdQEBJK0YY8oYOA="],"block_size":4096,"path":"layouts/tr_q_accents.js"},{"block_hashes":["3Ama3ShE/AlfVJZ5aKKCju2wsFVLDxlxaFiJ4wKb0kQ="],"block_size":4096,"path":"layouts/tt.js"},{"block_hashes":["kStplnd2ynafgnTsYHxCJjoxh/E9Xv2Lviq0u+p0lQQ="],"block_size":4096,"path":"layouts/ug.js"},{"block_hashes":["fhEWUr357tmPUvduPCu1Lc14UbWtYwY40kmITuo2Poc="],"block_size":4096,"path":"layouts/uk_101.js"},{"block_hashes":["OZe7rMjb5tZmIV49b+XP6SeCvyQAdiQIwvybLeLwaz8="],"block_size":4096,"path":"layouts/ur.js"},{"block_hashes":["b7rF2L3qTy3jJdt/mUEZZnX09tH/bogg7bsCd4873IE="],"block_size":4096,"path":"layouts/us_intl.js"},{"block_hashes":["THPN0nIzRRm9S8T6huM0EEXg/afDEictUaY9Zjxg5ro="],"block_size":4096,"path":"layouts/uz_cyrl_phone.js"},{"block_hashes":["dBmjbT+rB2Z+kzvstXLqX74VWVPANzC9l6IR88ZGKWQ="],"block_size":4096,"path":"layouts/uz_cyrl_type.js"},{"block_hashes":["j93NfR4Ub56ZsrRz7B6CGeVfpEcoRu0tQqbp0hnFuwA="],"block_size":4096,"path":"layouts/uz_latn.js"},{"block_hashes":["za4SM3NUgaS7r859P7/739JaTwC6XgdwKzn+UbNfZ/c="],"block_size":4096,"path":"layouts/uzs.js"},{"block_hashes":["Fk1YnFjMLo7mGzrCBfHSqWfnrNsbMgUCD1cEQMPosxE=","HywFivCtVhK84HXK6gX2pd6U96ecWBuIsKAtl2hG3ko="],"block_size":4096,"path":"layouts/vi_tcvn.js"},{"block_hashes":["dc3XpXKNzTZ0AmaXS/CIfxeV5UUOTpYeCskVjCTrgVI=","ECqtTIFM86XYE0uqy+sQ70gl6oM2BxBfkhIhwaVlss4=","4Llg4mxDS5kXcvrvSOx8FZQpvPRdqD7WJMC7AOd/4Vk=","IqOxTpXBQuQTNl8g2MykDm8w8wg14ZkQipvKwWPo3AA=","ML7PSKVbhA2oxxUE/Zn9KKN25bycUoxKA+lUJGmLRrg=","aqQQ8FJ9408ZFo2P2EAnadaJvnFnuIuFOI9oC+zm1QE=","66a24PewYf2ucovLZc/Qx/7heENlzIAGIp8PGaUOerw=","9C+Qe8IrOI9+Ah65HYZPFPjFMrkSX4jcJwonOPvAg6Y=","Kn2ARY3YllGjFanZxR2FigGalOhoEbUWqeMhiWFFbHQ=","/ESRtnstSiqES+b0l5v0tSzNxOZXy/Vc66NB44G5D/Q=","2Q9zMDEVPsz0y0cV57rQRO1GoUEAuK/ijePtsNz6jnw=","CTQFE4OWCPDtnc29czi/HhSw+sLtIVp0W7VVzqBoYfo=","C2U5aH0curRTRyZk0SaQftoQmPRuaHVW9RECSjfIKIw=","uKoUNN4ZBpWRxnV2t26QBXbPEoLW3k62eTqv5FSQqsA=","TTgtaMq38zmJu06KHuLDkH7riZ9trCvV9aKYcudIEBo=","YKIIfEpnojJbq2D2C+1VWqk+pFLiFa8p7OfCjQh5+/Y=","H8pR7g7V72ru2YPXmZ7OdSX0V0W6KbpK1nbYMK9+Ev0=","adjaJEnAPjflPO3c8nqoYtaoabijbY/lAt60uqWSQu8="],"block_size":4096,"path":"layouts/vi_telex.js"},{"block_hashes":["wXwNaeW9Bl5BUiAh2Lyr9q4rrr682OQdc6CXqOmI/uY="],"block_size":4096,"path":"layouts/vi_viqr.js"},{"block_hashes":["OLFPjg0BVyxAKCW4FtQItWe9/xRksbRyfeYZO++0coY="],"block_size":4096,"path":"layouts/vi_vni.js"},{"block_hashes":["h8MSMJ8neNkWCRiXLAT2nxaXc3ZThXx7dXjTxp/fsmw="],"block_size":4096,"path":"layouts/yi.js"},{"block_hashes":["vNOQ4fFQQWWVym3wYpdHInn4YXi0Tca0zuPpj5VoHHE="],"block_size":4096,"path":"module.nmf"},{"block_hashes":["RKLSw0u4x/QTCkfs/2poZUicRhJkZl39S/z+L2DJxOM="],"block_size":4096,"path":"options.html"},{"block_hashes":["HYEzfDS1P+ftNd6BQNFMS3Tk7kP4k6OWDACOmWDPn28="],"block_size":4096,"path":"popup.html"}],"version":2}