{"file_hashes":[{"block_hashes":["VyjhV8aCGgwR10EMzwlGE1Yqv9fBIbIOWctSS80COr8=","1g63B3/S223YcwTkV3TpK4SKDs2D2bhEOV8ScN189bU="],"block_size":4096,"path":"background_scripts/bg_utils.js"},{"block_hashes":["mQFwnMfoFA1DQ2bfXSvi4k9+GwNDpi1dD+tISKjHAFs=","yCjJEOfUvO2Mb1SR3rbSW7h60voCwRPgBNRwJqm2J/g=","DMfkcI1Jecvm8iKDrJDRjnVqhWAa3WCNcGIhLqIkWd8=","8VLqWsfg5JXHS/PRQHAGoKhPaaWgSWVsY2L4JCUo6uU=","q3p6FdE/TI99iILa4NBECX01mnEtdZ9cakjCr5N2TDg="],"block_size":4096,"path":"background_scripts/commands.js"},{"block_hashes":["U2Mx7wv6MiDytma0PbAm0ak0xUfLBU2fPpGUpyihTQM=","IXy5ATePQcw075YgB+vOKZreSEMk7YN0O7W/SSITgEw=","mGsyjLNGsV5FkhyvQA6dvSRynjSW5hFrzbB/z4+Zpfc=","fyKS0R2MhdNB0ee6e6ths6Le6ZGdP6bRXlsAqI8S33c=","112cMQH8DdlMX6E4GpNXm48NwWPwgejzycKMZOQkj0Q=","OYoGzZ5AHr/NrzJ8zJMESURfvqi/JSgz7FMpSzj3h9w=","tIX1PLuQqX+hezA3Ov4HxzPCX9hyW1A1vjdIcJnv3JU=","hLVr9XsnUpK6aXWColh+zmXoT46bFwXiBK7+cAGLJYQ=","uOPsM0PIRs/GBh7DT5Km52GHaVKhysm4NpoP/fFBPFI=","lWkkCCxK5OlCnQJkMCYBoj7PCJcGONAc6LcFTYv6bJ8="],"block_size":4096,"path":"background_scripts/completion.js"},{"block_hashes":["p+jqlqIGTzdGN6Vb3XK6dP5WT5bxtNZBAsL3irnmX9c=","DgF2d+992Sl7IU8HhXOXaiDaJidIs3vJuVZ8bLBkGkQ=","twgN/GzDlmCnG914Tz2hnfk3zrKBYtzgJw2Pe23KzaE="],"block_size":4096,"path":"background_scripts/completion_engines.js"},{"block_hashes":["njgqLOXmTpSH6fi8KCSdQ5Sj9kB272rudNMMvRChW7I=","vU9in+CgRxidJILvxiHlw7M5Q3K7zi8XVAUSmlVVClo="],"block_size":4096,"path":"background_scripts/completion_search.js"},{"block_hashes":["zrll+cR0Wl9FWZJuJkcPGHB3gwRYlpKApO0yXfdI6/I="],"block_size":4096,"path":"background_scripts/exclusions.js"},{"block_hashes":["H3tpeKAhhvtXB5IxtiYqdZKw3ifAIKb/Y30QUEfd0mE=","qDoqeWiu+htlH23VA4WjZuGI1R7K+aKx4KIY6b8+J+I=","RsBxb47JzLUuAgFbiuFSk95/uKIU3Epaym4BMT5Eyow=","4y5+UNNdYRHIjOlcTv7o8Lh150GakXfxIbXf+x5liUA=","DGr6Y+gtPAP0Q8Oftsl3DwQGaiKupe7UFXDSkmTIKQk=","tE3aDneAriLWR64e2fVg2NtS2o78imZXEAeOST8KMAM=","Lw2e1J3g3RZEbhgm7GbGq2aSDBRGiIKriMMatdMdNu0=","VCt2YBS3XSvU+hTzEwwOOjp2coktRE26OEMEoVgVubY=","b06ZQaDgQQXayD+zuUufLtaj1Yvtboco0omkzobGwZs="],"block_size":4096,"path":"background_scripts/main.js"},{"block_hashes":["nfre62Tg5urPAH+RpkYVt0Fo40UKNnrqgq156nygOyg=","QjDKKX7uju3RLZ2FYYKzcDusxT1ia2LJsw20ibUBC4c="],"block_size":4096,"path":"background_scripts/marks.js"},{"block_hashes":["m5l97c0wm1UPlkxk8dB6jLLS3VJVMg+hWZtsmMm4RXQ="],"block_size":4096,"path":"content_scripts/file_urls.css"},{"block_hashes":["6wmHFzW5a1HLXMJivEGqZ3snvMGazwD4Wag3D2z89DI=","G2qwg/qfqNWIEnEDCe37fQx7R2dWUYSi14yJDEgwugQ="],"block_size":4096,"path":"content_scripts/hud.js"},{"block_hashes":["LppZJRDn4z+tlf8i0tW+paAdbAjU9EEj18stYWU6iWI="],"block_size":4096,"path":"content_scripts/injected.js"},{"block_hashes":["1MD/oZ7nmpVonxcHp3UGcuw7SxARNNFLeOVRizA9laU=","ypm4A3FZzS9apXzpinE7XdTawmB1rzhOpxRs/leSV9Y=","9pLYaiNFfLoOkVEy4o5XVVmf4/Wh4rabVyfQD6lwyPg=","K1515M+Mj73BpuYhIFOGw4QhVCOXeRFljjr1VcqoCig=","MX7rdnX62STa5MZBK0OyRVxdcvVf85LrPNXC4N49x3k=","Cw1VHI0Y/uAJsx0BPcbTGjy6SuWjGGqwPOzP27Ri2dc=","CDls67GTJjV+2WJUo6LamSkN4lMFfam9FZ2F4pUwNEo=","Kmh1ReFaPRrsrC4BDhHnobKjymfj5pdwqJr5xh7nK7Y=","9hAZVR1/RcNa6657wRTTNQi+hFJoOCZlpyDVpJD/ba0=","3cl7V4LR6dmQgFBiMRtp3yOhx7yurKTirjJHk9onAtU=","AaIPYwqwLQ95TXrhwhkAjwPxQWVMROknwT2u5iqVHyI=","rzCcZgSAahotZvaz+Z3ElaEcdeakZDXhAdiHFtpkrlk="],"block_size":4096,"path":"content_scripts/link_hints.js"},{"block_hashes":["KSMtLLhKvnbx0rTyqYhlQHYBtuO89BjfDvRHLEB3KOc=","mSBgoozH+NKCmjKhR6+kxd4+AXnKHLMsJ6wwk0OTfvI="],"block_size":4096,"path":"content_scripts/marks.js"},{"block_hashes":["5Fwk31AWvXhMs1ciTajDl9kGvTRxuqGy7ftwqpX+gbg=","gkZV+XiVBKN6hMSUQyEiwXkUjJ0i5H1FfoI4H6PBxQI=","voXr/WjwNQ7COrZgKaXTR/+/55BaQttSkkJbyKN4oYE="],"block_size":4096,"path":"content_scripts/mode.js"},{"block_hashes":["WwkctQNwTprwEyb56ki4GkhXSIOC6xvGXZcjHzpk1i8=","9txwEOw+pFIUfeRiTqv7URgYuwpbKkzOuvgiKLwx+QE=","zcb35xnGyHbDbbjmti3LvAF6ZPDqY3nF49WnAeSr4cA="],"block_size":4096,"path":"content_scripts/mode_find.js"},{"block_hashes":["TyPTdgH7O3BOD/qTaOUuJHn14iLEZVhkZvfj/IznhC0=","1VnGoqY3To7hs3rns5MabGrnrAZJ6iqcpjxpbNn02AI="],"block_size":4096,"path":"content_scripts/mode_insert.js"},{"block_hashes":["nHwXgFg8z4xxvDwk66HMu3lgz/hByFdV8rlu+07QoSo=","kUhHKNAnhuPsG8MfqXzyDTGJRvXN3yeigg8aMLzMeR0="],"block_size":4096,"path":"content_scripts/mode_key_handler.js"},{"block_hashes":["IWnQY+qzDxOVdJUXtCXY2B/L3zzY1iXKx9NYSZG695A=","gVKx97h+acJm/QGztiWtB+JqZPBP4NXMKvwZun5wsDA=","OJdphCinc76MPInD0N4gLmLpvqe8xh/1U9DuaCLBmqQ=","roSVNZByz1Ed/kX4PcrDoMQWs75R2rfdGE+cuo44WZs=","5GBqom8JEuamjvSNvGxYJ8bKzt++IcgDVrijevYNz0Y="],"block_size":4096,"path":"content_scripts/mode_normal.js"},{"block_hashes":["bRd1RXSIE3BfjU3UZripX4y9PQdEz0slVAdVprZFG6A=","l3w0ttOF2Av12U47zG+Mk8aT0UmZI46o2wmVet9KCSE=","UvAV+3yGygp+s3/SWnBoZVAk/aURAZz8KHHvTPDvnp8=","oaFuP1tVZtqLEobbkPzsySgfu2EZeOjrTf39aX2fVnA=","IpFeRseUDNLyMlEneWuh47+BOfNC1I+8wtIGM5em6TY=","zkmD15yZqs7XOFZNsnQiT/36GPIlo6I+gmJriZVuvfs="],"block_size":4096,"path":"content_scripts/mode_visual.js"},{"block_hashes":["56d80n8r/DZfSDeZeNgBTBaydiCOaRZdE9OA2dFdhHY=","fst/YA8x6ytPqnURo/tldrMGMctLQEaaUmrsclodFac=","DYtT5imeJrRCSzSyN/4k4P2DtxSOQGZyjrU3Ac8C6B0=","1MlHIfRQM+P0MMCOH7BIBEpy84YR5eGEE2qL1X/xuAg="],"block_size":4096,"path":"content_scripts/scroller.js"},{"block_hashes":["yD6eE08vMJW+fMfq5ehhkATvIdVYXh4HqzOrvKbrcuo=","3RYa/Udow+6vPC7/96wx8CK64f/OkRrFdM3Hz536jHQ="],"block_size":4096,"path":"content_scripts/ui_component.js"},{"block_hashes":["9BktomF8X38LAEOO7qeaHAQgDEY0Ov6JUqyB61wt4+c=","k1eokRS4YDNEGh9bc9bx8rd/u8WnOtCcFMRB5uMeCvs=","4gMpJIXss4s7FvZExXT/HtvqmdSMg3YfZba8CucLqtE="],"block_size":4096,"path":"content_scripts/vimium.css"},{"block_hashes":["7iRIRaADrtCj+YXNpCjCHjz0qmr9/ZxchWeod5TSjU8=","6f2GvMvSyREeXp2sdI/CD/ewIajNsaDGLYPWO5gDGws=","BlFglnOGd++7E1Kg3pCyPTCodVfi4uXaeAKeMFmY5Lo=","+P4lJBkzalI39OqSg+VzggClEVUI8VlqECKbsJv+F3M="],"block_size":4096,"path":"content_scripts/vimium_frontend.js"},{"block_hashes":["yhMfd982RQcwWpUGiHbWhTPjfx2TGP9npgE+znKIIRE="],"block_size":4096,"path":"content_scripts/vomnibar.js"},{"block_hashes":["9kAxzL++xBn/Q4GLjOWuaC8sDLXGc6TY4o4rl+iO8Ko=","nzMcpFjDtLEqruW5wmuBy70JoEEL04sgvFF6yoqQ9SE="],"block_size":4096,"path":"icons/300x300_browser_action_disabled.png"},{"block_hashes":["0XJyVv9pCRvuBisBVuP1DrlO3net9UFpKP2e/A8ZQ9w=","Bdh4HLM1g6WmwOqOoChzV2H9sCgyFkyHJP3NGDJ8Ud8="],"block_size":4096,"path":"icons/300x300_browser_action_enabled.png"},{"block_hashes":["N2dK/mGMzu+J8XhK9J0welU9EWNaMpnPm3/tCtaWkAQ=","QR4PAwlUswFOXxAbj17GUcl9XdqHMhZnnKMW/Ku8Ekc="],"block_size":4096,"path":"icons/300x300_browser_action_partial.png"},{"block_hashes":["7gRGaHDl3XxlrKC4+lSV4vxBejdz9xlf8nW4bjPCXgw=","rxTVVOx+VlUYHO4JH3NXnQMQEKBQxCkTqhp+1KNEjp4="],"block_size":4096,"path":"icons/browser_action_enabled.png"},{"block_hashes":["SAuvuk5XhwGPh8zQVFM3P4xa4E+kxcFDFZJNy9GXcHw=","ZPDq+O8sDa8E6MLKaqr9qbdRt1k7CpxyHh9p2d+pipg=","KjZpPplqWdRev4V4dzqtnItx0f3bAfkZmL20dG+AzQE="],"block_size":4096,"path":"icons/browser_action_partial.png"},{"block_hashes":["O0fuEGLitAVS+io1XL0f9l468LIks3313sxuGSygzyA="],"block_size":4096,"path":"icons/check.png"},{"block_hashes":["DJAjO6X3KL/8xAiu1wM2+KjZ81UBa+gbPB3kFJbxQuE="],"block_size":4096,"path":"icons/icon48disabled.png"},{"block_hashes":["R0drKSzCdJwTQV9tandPf5+LQePHEKv3laGUSMtnoqM="],"block_size":4096,"path":"icons/icon48partial.png"},{"block_hashes":["u1LkS6diIA3y1dfRwdyA3hiAhm0SYPgFF03S8uG1MpU=","R65NJXs6SeSpnecQvHtgVoPtSVFU8lAdvPq5OVjlzC8=","00xt4KSx+mz8pNIGiFF0Uhzqv9g9nt9QBL8gVwyEJ74=","5l0Ru7Bbl1gCKgGx5a19ltINlRCt14uWUMN3tQ47I5c=","P6DKU6rapkiA7nZqy7YKqbDTHtHKRwOdrWHLTKVg364=","rSdbe2Yzx5LJ5CmA/Msj4wdLCOb4fpmPoEfyKeF7h70=","Fnqv2gm59P/ULZTioR0MRrxEfrrCAMVr5vucaqu7XXg=","7IBMYQx8w6oX8wBQQPQNVFj7bn2hqNstFceW1rpxHZY=","QF19ceHp/QpcCur0jqH/NOBj2+zBadyPvks27yRTYH4=","aks3PgIfP3QMT69x/HokgMpdWD2S1RsAlbJO7eDp6kg=","NVsal4pUR2wLw3P7oYddr6Td/wSZswJh2R4HMzbVoAs="],"block_size":4096,"path":"icons/vimium.png"},{"block_hashes":["zOVyyh3J0I3SDX5pd7abBStgDCkYAbpGdyC+7NgUYQM="],"block_size":4096,"path":"lib/clipboard.js"},{"block_hashes":["qP5ZQP4K1W3+p6mm1Lpaw57Wi16HaY6+hCHvyIySyjw=","mo5AHL4aU2sbgCEKNda6SlVPyaHNnCeR90otiY9Y2qg=","PQh2hBu0XlEOGbny5MnRpgr1WNXkOn8rfLlWvWkjbSA=","+ffLqXDv7o5L0fAYZaxDCB+uR1vN5N7560mjN4fveu0=","Kv/vXKjgUIUXyYmNF+71SsUMbSULrOuiTfFKocsyuBg="],"block_size":4096,"path":"lib/dom_utils.js"},{"block_hashes":["HI1UIZJcsnqJ7+f12lyxadrrp/phVwiZvW24Ie9DNLw="],"block_size":4096,"path":"lib/find_mode_history.js"},{"block_hashes":["Ivdy2/MZnstgE1BcfaesI8lBA5BU9tfGASIegXjFRdM=","QqxvgzV8jk8DOIyV7g3AYqYp5k1kNpfr8PNLxTGKOzo="],"block_size":4096,"path":"lib/handler_stack.js"},{"block_hashes":["3E9tRgbrYe265Wtk/VSAIufl3WL9+lHbcQG/BaxWqa4=","wqMvnyrW717/Dox6LqsQR0Vfie71/QMgdv+d90AFZlI="],"block_size":4096,"path":"lib/keyboard_utils.js"},{"block_hashes":["htBLH5rV/LoOchjaQiLVKGhKr4ASZacm9DLcGpwsApY="],"block_size":4096,"path":"lib/rect.js"},{"block_hashes":["b0qpzcns/MVxzFJjMhtn85G/3lX0tbrScY2HVGo3liw=","CbVvNwvJxjOQmA1SKtXDPLvrft92ZqnqieWfXzOpGwc=","Z5X5Du6R9ZrgX6zAIqVTFX0YHlWFu2aj/xbXXgGoymo="],"block_size":4096,"path":"lib/settings.js"},{"block_hashes":["H2CC84UkS7gfUazmwB+zGl97U0RuzlvhqJH9M+TF98c=","mRQyEqOuiJaIge4yYKTKzax1ap41ByC11F8BpXUnv6k=","dQBJr0P+8lzLwB9IO089i/PKQuw9p+XQ6yNBKtj3o/8=","hdXOqJ4psQY02iRZNN3DxuaproQm5xtsDubgWK2RPos="],"block_size":4096,"path":"lib/utils.js"},{"block_hashes":["3xJR56uuXWuQ0J8wKT+hYhzrJQnFa4zUVMfMfsZJrUM="],"block_size":4096,"path":"pages/blank.html"},{"block_hashes":["ma87ggVhtOKqTu8TfcXGuImxjMUMkYcL6aTXVXKukQE="],"block_size":4096,"path":"pages/completion_engines.css"},{"block_hashes":["L+DNCdHFRAnbEESBy8VJSmjA0+xMd0c8DPJBOdsfDec="],"block_size":4096,"path":"pages/completion_engines.html"},{"block_hashes":["HT0dAymaM2wDAJeE1UCWiDA8ExZo1SOcKmoqM6uBx8g="],"block_size":4096,"path":"pages/completion_engines.js"},{"block_hashes":["0BI5zADvdOhz74KyC4fSGjeH+4TSTEbtRHo3DJa74O0="],"block_size":4096,"path":"pages/exclusions.html"},{"block_hashes":["JgK//MGfF1TwxLnrrSai/erCgXRug+mAxiOj6v4G5yw=","zFoQN0DDOWfrb8tacUFJ26f/kGwQxBwCP//DL2qcUWM="],"block_size":4096,"path":"pages/help_dialog.html"},{"block_hashes":["2YXgyAGi/mJPO5UDMhPvDUJ8GZDLbBEZqMe1FFUlUR0=","BRjpUtbhLGYJnlk4qNZZ3zn5gUJL0nsp1pRoI/37eMI="],"block_size":4096,"path":"pages/help_dialog.js"},{"block_hashes":["4zSi/0OwE28Iu6R97YnWRH6YSTfgXwS0AXMf2DSmn8E="],"block_size":4096,"path":"pages/hud.html"},{"block_hashes":["m7XznGxeZi3ZhrPlTc+ZELfkGPy+9ukb3C5vfHYJyNc=","jZlg8fhvtJMmceaB+zoHjw3TJHopV13+1DsTLKbwJI4="],"block_size":4096,"path":"pages/hud.js"},{"block_hashes":["qDIpKVfzSVop52sCsUH+MXk/Tpdt6xZ1PsAhQhp5KB0="],"block_size":4096,"path":"pages/logging.html"},{"block_hashes":["dJjoeMI4mywx24MF6D+hfujuuD4iwmfM/VcdftHFWLM="],"block_size":4096,"path":"pages/logging.js"},{"block_hashes":["L9s0PSYY+myjq+a03m/3byvfDrcCRKm1KhPPH3iwKrg=","YCI8jBc6yF1WwhXTYf1uFLLsLFsYDSpV/oWsSueDtsY="],"block_size":4096,"path":"pages/options.css"},{"block_hashes":["b9c94qRlkeZVpjp5EprSXFgNLGQHwlkXFkWhDlXu+nk=","HTUX7u9XuU3pKbo5+D8mkPrhaiY16XkPsxHQDrabVLs=","9puSzLrDT5zIAnIjqqm5V9yotO9SYu0kB+jLem+CMCk=","SJRT1eWeFy+vfDdltMrJmCqjI6L5uo4Tf6HmUswDXpE="],"block_size":4096,"path":"pages/options.html"},{"block_hashes":["J01Ejtsh+lPt9dcsOOOhs9KAYkSzQdpcV1JIdtEMdeo=","wPhAc38ANwb4IOlF9BYnn1gRWiqqKa7xWqUZUroQJ/k=","k9UZijDmR720mZjSNxDSUWWQ1/6sAW88GRXl59io/DU=","uTv8Sj6hFS1K0CkJtLxCw2NyGcJpUX40IZ+lUIEp8CA=","vsEO+Xy1W8bSu2Q7+lKuhdOnXf2U1SEkMCAPGXPvD+E="],"block_size":4096,"path":"pages/options.js"},{"block_hashes":["y1WxVDjROSm/qdzxIaIg6bdOz1joPPhNl675dhfLCIk="],"block_size":4096,"path":"pages/popup.html"},{"block_hashes":["bH7SxkiaDC4ltxJGTGIYKhLT3ZrAnXdQ97OJxhlVrgE="],"block_size":4096,"path":"pages/ui_component_server.js"},{"block_hashes":["FuL3xuxQ+0l2oPkIXNjS6d92eQ5M2ULdtpQ+KhZuOzI="],"block_size":4096,"path":"pages/vomnibar.css"},{"block_hashes":["HiOsEUhvbpMBeJho28Z5A7/TZ6R0eKUIM8wy9/sieGM="],"block_size":4096,"path":"pages/vomnibar.html"},{"block_hashes":["f2vWoV3dZpuqSerCm9FWaKOpYPgKaVUfqyBk9Zynroc=","OCZxaV0641Ceeyl+T0HNkhqwsLd7zMFcXlwRXoK+Yng=","cdJ0jXBQi7h//twLN03Tbx6OxYmgFcEvEYjqdZWE3HU=","XcO8TamCYAv9a6g6ileDV2DrfR8nwC36DTeuKSeJ70k="],"block_size":4096,"path":"pages/vomnibar.js"}],"version":2}